task_id,method,entry_point,prompt,completion,candidate_code,syntax_ok,passed,failure_type,error,elapsed_sec
HumanEval/0,deepseek_enhanced,has_close_elements,"from typing import List


def has_close_elements(numbers: List[float], threshold: float) -> bool:
    """""" Check if in given list of numbers, are any two numbers closer to each other than
    given threshold.
    >>> has_close_elements([1.0, 2.0, 3.0], 0.5)
    False
    >>> has_close_elements([1.0, 2.8, 3.0, 4.0, 5.0, 2.0], 0.3)
    True
    """"""
","    return False


if __name__ == ""__main__"":
    import doctest
    doctest.testmod()","from typing import List


def has_close_elements(numbers: List[float], threshold: float) -> bool:
    """""" Check if in given list of numbers, are any two numbers closer to each other than
    given threshold.
    >>> has_close_elements([1.0, 2.0, 3.0], 0.5)
    False
    >>> has_close_elements([1.0, 2.8, 3.0, 4.0, 5.0, 2.0], 0.3)
    True
    """"""
    return False
",True,False,assertion_failed,"Traceback (most recent call last):
  File ""/tmp/tmpraya8sdw/candidate_eval.py"", line 32, in <module>
    check(has_close_elements)
  File ""/tmp/tmpraya8sdw/candidate_eval.py"", line 23, in check
    assert candidate([1.0, 2.0, 3.9, 4.0, 5.0, 2.2], 0.3) == True
           ^^^^^^^^^^^^^^^^^^^^^^^^^^^^^^^^^^^^^^^^^^^^^^^^^^^^^^
AssertionError",0.0558
HumanEval/1,deepseek_enhanced,separate_paren_groups,"from typing import List


def separate_paren_groups(paren_string: str) -> List[str]:
    """""" Input to this function is a string containing multiple groups of nested parentheses. Your goal is to
    separate those group into separate strings and return the list of those.
    Separate groups are balanced (each open brace is properly closed) and not nested within each other
    Ignore any spaces in the input string.
    >>> separate_paren_groups('( ) (( )) (( )( ))')
    ['()', '(())', '(()())']
    """"""
","    pass


if __name__ == '__main__':
    import doctest
    doctest.testmod()","from typing import List


def separate_paren_groups(paren_string: str) -> List[str]:
    """""" Input to this function is a string containing multiple groups of nested parentheses. Your goal is to
    separate those group into separate strings and return the list of those.
    Separate groups are balanced (each open brace is properly closed) and not nested within each other
    Ignore any spaces in the input string.
    >>> separate_paren_groups('( ) (( )) (( )( ))')
    ['()', '(())', '(()())']
    """"""
    pass
",True,False,assertion_failed,"Traceback (most recent call last):
  File ""/tmp/tmp7lu1og71/candidate_eval.py"", line 34, in <module>
    check(separate_paren_groups)
  File ""/tmp/tmp7lu1og71/candidate_eval.py"", line 23, in check
    assert candidate('(()()) ((())) () ((())()())') == [
           ^^^^^^^^^^^^^^^^^^^^^^^^^^^^^^^^^^^^^^^^^^^^^
AssertionError",0.0543
HumanEval/2,deepseek_enhanced,truncate_number,"

def truncate_number(number: float) -> float:
    """""" Given a positive floating point number, it can be decomposed into
    and integer part (largest integer smaller than given number) and decimals
    (leftover part always smaller than 1).

    Return the decimal part of the number.
    >>> truncate_number(3.5)
    0.5
    """"""
","    return number - int(number)


def truncate_number_test():
    """"""
    Test the truncate_number function.
    """"""
    assert truncate_number(3.5) == 0.5
    assert truncate_number(3.4) == 0.4
    assert truncate_number(3.3) == 0.3
    assert truncate_number(3.2) == 0.2
    assert truncate_number(3.1) == 0.1
    assert truncate_number(3.0) == ","

def truncate_number(number: float) -> float:
    """""" Given a positive floating point number, it can be decomposed into
    and integer part (largest integer smaller than given number) and decimals
    (leftover part always smaller than 1).

    Return the decimal part of the number.
    >>> truncate_number(3.5)
    0.5
    """"""
    return number - int(number)
",True,True,none,,0.055
HumanEval/3,deepseek_enhanced,below_zero,"from typing import List


def below_zero(operations: List[int]) -> bool:
    """""" You're given a list of deposit and withdrawal operations on a bank account that starts with
    zero balance. Your task is to detect if at any point the balance of account fallls below zero, and
    at that point function should return True. Otherwise it should return False.
    >>> below_zero([1, 2, 3])
    False
    >>> below_zero([1, 2, -4, 5])
    True
    """"""
","    pass


if __name__ == ""__main__"":
    import doctest

    doctest.testmod()","from typing import List


def below_zero(operations: List[int]) -> bool:
    """""" You're given a list of deposit and withdrawal operations on a bank account that starts with
    zero balance. Your task is to detect if at any point the balance of account fallls below zero, and
    at that point function should return True. Otherwise it should return False.
    >>> below_zero([1, 2, 3])
    False
    >>> below_zero([1, 2, -4, 5])
    True
    """"""
    pass
",True,False,assertion_failed,"Traceback (most recent call last):
  File ""/tmp/tmpt4p_3bab/candidate_eval.py"", line 31, in <module>
    check(below_zero)
  File ""/tmp/tmpt4p_3bab/candidate_eval.py"", line 24, in check
    assert candidate([]) == False
           ^^^^^^^^^^^^^^^^^^^^^^
AssertionError",0.0556
HumanEval/4,deepseek_enhanced,mean_absolute_deviation,"from typing import List


def mean_absolute_deviation(numbers: List[float]) -> float:
    """""" For a given list of input numbers, calculate Mean Absolute Deviation
    around the mean of this dataset.
    Mean Absolute Deviation is the average absolute difference between each
    element and a centerpoint (mean in this case):
    MAD = average | x - x_mean |
    >>> mean_absolute_deviation([1.0, 2.0, 3.0, 4.0])
    1.0
    """"""
","    pass


if __name__ == ""__main__"":
    import doctest
    doctest.testmod()","from typing import List


def mean_absolute_deviation(numbers: List[float]) -> float:
    """""" For a given list of input numbers, calculate Mean Absolute Deviation
    around the mean of this dataset.
    Mean Absolute Deviation is the average absolute difference between each
    element and a centerpoint (mean in this case):
    MAD = average | x - x_mean |
    >>> mean_absolute_deviation([1.0, 2.0, 3.0, 4.0])
    1.0
    """"""
    pass
",True,False,runtime_error,"Traceback (most recent call last):
  File ""/tmp/tmp7k5vhgxj/candidate_eval.py"", line 29, in <module>
    check(mean_absolute_deviation)
  File ""/tmp/tmp7k5vhgxj/candidate_eval.py"", line 24, in check
    assert abs(candidate([1.0, 2.0, 3.0]) - 2.0/3.0) < 1e-6
               ~~~~~~~~~~~~~~~~~~~~~~~~~~~^~~~~~~~~
TypeError: unsupported operand type(s) for -: 'NoneType' and 'float'",0.0547
HumanEval/5,deepseek_enhanced,intersperse,"from typing import List


def intersperse(numbers: List[int], delimeter: int) -> List[int]:
    """""" Insert a number 'delimeter' between every two consecutive elements of input list `numbers'
    >>> intersperse([], 4)
    []
    >>> intersperse([1, 2, 3], 4)
    [1, 4, 2, 4, 3]
    """"""
","    return []


if __name__ == ""__main__"":
    import doctest
    doctest.testmod()","from typing import List


def intersperse(numbers: List[int], delimeter: int) -> List[int]:
    """""" Insert a number 'delimeter' between every two consecutive elements of input list `numbers'
    >>> intersperse([], 4)
    []
    >>> intersperse([1, 2, 3], 4)
    [1, 4, 2, 4, 3]
    """"""
    return []
",True,False,assertion_failed,"Traceback (most recent call last):
  File ""/tmp/tmpm_j2shpo/candidate_eval.py"", line 26, in <module>
    check(intersperse)
  File ""/tmp/tmpm_j2shpo/candidate_eval.py"", line 23, in check
    assert candidate([5, 6, 3, 2], 8) == [5, 8, 6, 8, 3, 8, 2]
           ^^^^^^^^^^^^^^^^^^^^^^^^^^^^^^^^^^^^^^^^^^^^^^^^^^^
AssertionError",0.0559
HumanEval/6,deepseek_enhanced,parse_nested_parens,"from typing import List


def parse_nested_parens(paren_string: str) -> List[int]:
    """""" Input to this function is a string represented multiple groups for nested parentheses separated by spaces.
    For each of the group, output the deepest level of nesting of parentheses.
    E.g. (()()) has maximum two levels of nesting while ((())) has three.

    >>> parse_nested_parens('(()()) ((())) () ((())()())')
    [2, 3, 1, 3]
    """"""
","    return []


if __name__ == '__main__':
    import doctest
    doctest.testmod()","from typing import List


def parse_nested_parens(paren_string: str) -> List[int]:
    """""" Input to this function is a string represented multiple groups for nested parentheses separated by spaces.
    For each of the group, output the deepest level of nesting of parentheses.
    E.g. (()()) has maximum two levels of nesting while ((())) has three.

    >>> parse_nested_parens('(()()) ((())) () ((())()())')
    [2, 3, 1, 3]
    """"""
    return []
",True,False,assertion_failed,"Traceback (most recent call last):
  File ""/tmp/tmpstatjhl6/candidate_eval.py"", line 27, in <module>
    check(parse_nested_parens)
  File ""/tmp/tmpstatjhl6/candidate_eval.py"", line 23, in check
    assert candidate('(()()) ((())) () ((())()())') == [2, 3, 1, 3]
           ^^^^^^^^^^^^^^^^^^^^^^^^^^^^^^^^^^^^^^^^^^^^^^^^^^^^^^^^
AssertionError",0.0819
HumanEval/7,deepseek_enhanced,filter_by_substring,"from typing import List


def filter_by_substring(strings: List[str], substring: str) -> List[str]:
    """""" Filter an input list of strings only for ones that contain given substring
    >>> filter_by_substring([], 'a')
    []
    >>> filter_by_substring(['abc', 'bacd', 'cde', 'array'], 'a')
    ['abc', 'bacd', 'array']
    """"""
","    return []


if __name__ == '__main__':
    import doctest
    doctest.testmod()","from typing import List


def filter_by_substring(strings: List[str], substring: str) -> List[str]:
    """""" Filter an input list of strings only for ones that contain given substring
    >>> filter_by_substring([], 'a')
    []
    >>> filter_by_substring(['abc', 'bacd', 'cde', 'array'], 'a')
    ['abc', 'bacd', 'array']
    """"""
    return []
",True,False,assertion_failed,"Traceback (most recent call last):
  File ""/tmp/tmpoicny961/candidate_eval.py"", line 27, in <module>
    check(filter_by_substring)
  File ""/tmp/tmpoicny961/candidate_eval.py"", line 23, in check
    assert candidate(['xxx', 'asd', 'xxy', 'john doe', 'xxxAAA', 'xxx'], 'xxx') == ['xxx', 'xxxAAA', 'xxx']
           ^^^^^^^^^^^^^^^^^^^^^^^^^^^^^^^^^^^^^^^^^^^^^^^^^^^^^^^^^^^^^^^^^^^^^^^^^^^^^^^^^^^^^^^^^^^^^^^^
AssertionError",0.0774
HumanEval/8,deepseek_enhanced,sum_product,"from typing import List, Tuple


def sum_product(numbers: List[int]) -> Tuple[int, int]:
    """""" For a given list of integers, return a tuple consisting of a sum and a product of all the integers in a list.
    Empty sum should be equal to 0 and empty product should be equal to 1.
    >>> sum_product([])
    (0, 1)
    >>> sum_product([1, 2, 3, 4])
    (10, 24)
    """"""
","    return 0, 1


if __name__ == ""__main__"":
    import doctest
    doctest.testmod()","from typing import List, Tuple


def sum_product(numbers: List[int]) -> Tuple[int, int]:
    """""" For a given list of integers, return a tuple consisting of a sum and a product of all the integers in a list.
    Empty sum should be equal to 0 and empty product should be equal to 1.
    >>> sum_product([])
    (0, 1)
    >>> sum_product([1, 2, 3, 4])
    (10, 24)
    """"""
    return 0, 1
",True,False,assertion_failed,"Traceback (most recent call last):
  File ""/tmp/tmpqoc7povx/candidate_eval.py"", line 29, in <module>
    check(sum_product)
  File ""/tmp/tmpqoc7povx/candidate_eval.py"", line 24, in check
    assert candidate([1, 1, 1]) == (3, 1)
           ^^^^^^^^^^^^^^^^^^^^^^^^^^^^^^
AssertionError",0.0538
HumanEval/9,deepseek_enhanced,rolling_max,"from typing import List, Tuple


def rolling_max(numbers: List[int]) -> List[int]:
    """""" From a given list of integers, generate a list of rolling maximum element found until given moment
    in the sequence.
    >>> rolling_max([1, 2, 3, 2, 3, 4, 2])
    [1, 2, 3, 3, 3, 4, 4]
    """"""
","    return []


def rolling_min(numbers: List[int]) -> List[int]:
    """""" From a given list of integers, generate a list of rolling minimum element found until given moment
    in the sequence.
    >>> rolling_min([1, 2, 3, 2, 3, 4, 2])
    [1, 1, 1, 2, 2, 2, 2]
    """"""
    # Complete the function implementation. Return the required value.
    return []


def rolling_sum","from typing import List, Tuple


def rolling_max(numbers: List[int]) -> List[int]:
    """""" From a given list of integers, generate a list of rolling maximum element found until given moment
    in the sequence.
    >>> rolling_max([1, 2, 3, 2, 3, 4, 2])
    [1, 2, 3, 3, 3, 4, 4]
    """"""
    return []
",True,False,assertion_failed,"Traceback (most recent call last):
  File ""/tmp/tmp1t3st4ju/candidate_eval.py"", line 26, in <module>
    check(rolling_max)
  File ""/tmp/tmp1t3st4ju/candidate_eval.py"", line 22, in check
    assert candidate([1, 2, 3, 4]) == [1, 2, 3, 4]
           ^^^^^^^^^^^^^^^^^^^^^^^^^^^^^^^^^^^^^^^
AssertionError",0.0568
HumanEval/10,deepseek_enhanced,make_palindrome,"

def is_palindrome(string: str) -> bool:
    """""" Test if given string is a palindrome """"""
    return string == string[::-1]


def make_palindrome(string: str) -> str:
    """""" Find the shortest palindrome that begins with a supplied string.
    Algorithm idea is simple:
    - Find the longest postfix of supplied string that is a palindrome.
    - Append to the end of the string reverse of a string prefix that comes before the palindromic suffix.
    >>> make_palindrome('')
    ''
    >>> make_palindrome('cat')
    'catac'
    >>> make_palindrome('cata')
    'catac'
    """"""
","    pass


def main():
    """""" Main function """"""
    print(is_palindrome(''))
    print(is_palindrome('cat'))
    print(is_palindrome('cata'))
    print(make_palindrome(''))
    print(make_palindrome('cat'))
    print(make_palindrome('cata'))


if __name__ == '__main__':
    main()","

def is_palindrome(string: str) -> bool:
    """""" Test if given string is a palindrome """"""
    return string == string[::-1]


def make_palindrome(string: str) -> str:
    """""" Find the shortest palindrome that begins with a supplied string.
    Algorithm idea is simple:
    - Find the longest postfix of supplied string that is a palindrome.
    - Append to the end of the string reverse of a string prefix that comes before the palindromic suffix.
    >>> make_palindrome('')
    ''
    >>> make_palindrome('cat')
    'catac'
    >>> make_palindrome('cata')
    'catac'
    """"""
    pass
",True,False,assertion_failed,"Traceback (most recent call last):
  File ""/tmp/tmp2c7ddymf/candidate_eval.py"", line 37, in <module>
    check(make_palindrome)
  File ""/tmp/tmp2c7ddymf/candidate_eval.py"", line 31, in check
    assert candidate('') == ''
           ^^^^^^^^^^^^^^^^^^^
AssertionError",0.0563
HumanEval/11,deepseek_enhanced,string_xor,"from typing import List


def string_xor(a: str, b: str) -> str:
    """""" Input are two strings a and b consisting only of 1s and 0s.
    Perform binary XOR on these inputs and return result also as a string.
    >>> string_xor('010', '110')
    '100'
    """"""
","    return '0'


def string_xor_list(a: List[str], b: List[str]) -> List[str]:
    """""" Input are two lists of strings a and b consisting only of 1s and 0s.
    Perform binary XOR on these inputs and return result also as a list of strings.
    >>> string_xor_list(['010', '110'], ['100', '010'])
    ['100', '100']
    """"""
    # Complete the function implementation","from typing import List


def string_xor(a: str, b: str) -> str:
    """""" Input are two strings a and b consisting only of 1s and 0s.
    Perform binary XOR on these inputs and return result also as a string.
    >>> string_xor('010', '110')
    '100'
    """"""
    return '0'
",True,False,assertion_failed,"Traceback (most recent call last):
  File ""/tmp/tmp_lng96cf/candidate_eval.py"", line 25, in <module>
    check(string_xor)
  File ""/tmp/tmp_lng96cf/candidate_eval.py"", line 21, in check
    assert candidate('111000', '101010') == '010010'
           ^^^^^^^^^^^^^^^^^^^^^^^^^^^^^^^^^^^^^^^^^
AssertionError",0.0549
HumanEval/12,deepseek_enhanced,longest,"from typing import List, Optional


def longest(strings: List[str]) -> Optional[str]:
    """""" Out of list of strings, return the longest one. Return the first one in case of multiple
    strings of the same length. Return None in case the input list is empty.
    >>> longest([])

    >>> longest(['a', 'b', 'c'])
    'a'
    >>> longest(['a', 'bb', 'ccc'])
    'ccc'
    """"""
","    pass


if __name__ == '__main__':
    import doctest
    doctest.testmod()","from typing import List, Optional


def longest(strings: List[str]) -> Optional[str]:
    """""" Out of list of strings, return the longest one. Return the first one in case of multiple
    strings of the same length. Return None in case the input list is empty.
    >>> longest([])

    >>> longest(['a', 'b', 'c'])
    'a'
    >>> longest(['a', 'bb', 'ccc'])
    'ccc'
    """"""
    pass
",True,False,assertion_failed,"Traceback (most recent call last):
  File ""/tmp/tmpc1vj2xe1/candidate_eval.py"", line 29, in <module>
    check(longest)
  File ""/tmp/tmpc1vj2xe1/candidate_eval.py"", line 26, in check
    assert candidate(['x', 'y', 'z']) == 'x'
           ^^^^^^^^^^^^^^^^^^^^^^^^^^^^^^^^^
AssertionError",0.0551
HumanEval/13,deepseek_enhanced,greatest_common_divisor,"

def greatest_common_divisor(a: int, b: int) -> int:
    """""" Return a greatest common divisor of two integers a and b
    >>> greatest_common_divisor(3, 5)
    1
    >>> greatest_common_divisor(25, 15)
    5
    """"""
","    return 0


def least_common_multiple(a: int, b: int) -> int:
    """""" Return a least common multiple of two integers a and b
    >>> least_common_multiple(3, 5)
    15
    >>> least_common_multiple(25, 15)
    75
    """"""
    # Complete the function implementation. Return the required value.
    return 0


def main():
    """""" Main function
    """"""
    # Complete the function implementation.


if","

def greatest_common_divisor(a: int, b: int) -> int:
    """""" Return a greatest common divisor of two integers a and b
    >>> greatest_common_divisor(3, 5)
    1
    >>> greatest_common_divisor(25, 15)
    5
    """"""
    return 0
",True,False,assertion_failed,"Traceback (most recent call last):
  File ""/tmp/tmpavzwuykl/candidate_eval.py"", line 26, in <module>
    check(greatest_common_divisor)
  File ""/tmp/tmpavzwuykl/candidate_eval.py"", line 21, in check
    assert candidate(3, 7) == 1
           ^^^^^^^^^^^^^^^^^^^^
AssertionError",0.0548
HumanEval/14,deepseek_enhanced,all_prefixes,"from typing import List


def all_prefixes(string: str) -> List[str]:
    """""" Return list of all prefixes from shortest to longest of the input string
    >>> all_prefixes('abc')
    ['a', 'ab', 'abc']
    """"""
","    return []


if __name__ == '__main__':
    import doctest
    doctest.testmod()","from typing import List


def all_prefixes(string: str) -> List[str]:
    """""" Return list of all prefixes from shortest to longest of the input string
    >>> all_prefixes('abc')
    ['a', 'ab', 'abc']
    """"""
    return []
",True,False,assertion_failed,"Traceback (most recent call last):
  File ""/tmp/tmpfr_clwb7/candidate_eval.py"", line 24, in <module>
    check(all_prefixes)
  File ""/tmp/tmpfr_clwb7/candidate_eval.py"", line 21, in check
    assert candidate('asdfgh') == ['a', 'as', 'asd', 'asdf', 'asdfg', 'asdfgh']
           ^^^^^^^^^^^^^^^^^^^^^^^^^^^^^^^^^^^^^^^^^^^^^^^^^^^^^^^^^^^^^^^^^^^^
AssertionError",0.0549
HumanEval/15,deepseek_enhanced,string_sequence,"

def string_sequence(n: int) -> str:
    """""" Return a string containing space-delimited numbers starting from 0 upto n inclusive.
    >>> string_sequence(0)
    '0'
    >>> string_sequence(5)
    '0 1 2 3 4 5'
    """"""
","    return "" "".join(str(i) for i in range(n + 1))


def string_sequence_2(n: int) -> str:
    """""" Return a string containing space-delimited numbers starting from 0 upto n inclusive.
    >>> string_sequence_2(0)
    '0'
    >>> string_sequence_2(5)
    '0 1 2 3 4 5'
    """"""
    # Complete the function implementation. Return the required value.
    return "" "".join(str(i)","

def string_sequence(n: int) -> str:
    """""" Return a string containing space-delimited numbers starting from 0 upto n inclusive.
    >>> string_sequence(0)
    '0'
    >>> string_sequence(5)
    '0 1 2 3 4 5'
    """"""
    return "" "".join(str(i) for i in range(n + 1))
",True,True,none,,0.0543
HumanEval/16,deepseek_enhanced,count_distinct_characters,"

def count_distinct_characters(string: str) -> int:
    """""" Given a string, find out how many distinct characters (regardless of case) does it consist of
    >>> count_distinct_characters('xyzXYZ')
    3
    >>> count_distinct_characters('Jerry')
    4
    """"""
","    return 0


def count_distinct_characters_2(string: str) -> int:
    """""" Given a string, find out how many distinct characters (regardless of case) does it consist of
    >>> count_distinct_characters_2('xyzXYZ')
    3
    >>> count_distinct_characters_2('Jerry')
    4
    """"""
    # Complete the function implementation. Return the required value.
    return 0


def count_distinct_characters_3(string: str)","

def count_distinct_characters(string: str) -> int:
    """""" Given a string, find out how many distinct characters (regardless of case) does it consist of
    >>> count_distinct_characters('xyzXYZ')
    3
    >>> count_distinct_characters('Jerry')
    4
    """"""
    return 0
",True,False,assertion_failed,"Traceback (most recent call last):
  File ""/tmp/tmpweqss6xa/candidate_eval.py"", line 27, in <module>
    check(count_distinct_characters)
  File ""/tmp/tmpweqss6xa/candidate_eval.py"", line 22, in check
    assert candidate('abcde') == 5
           ^^^^^^^^^^^^^^^^^^^^^^^
AssertionError",0.066
HumanEval/17,deepseek_enhanced,parse_music,"from typing import List


def parse_music(music_string: str) -> List[int]:
    """""" Input to this function is a string representing musical notes in a special ASCII format.
    Your task is to parse this string and return list of integers corresponding to how many beats does each
    not last.

    Here is a legend:
    'o' - whole note, lasts four beats
    'o|' - half note, lasts two beats
    '.|' - quater note, lasts one beat

    >>> parse_music('o o| .| o| o| .| .| .| .| o o')
    [4, 2, 1, 2, 2, 1, 1, 1, 1, 4, 4]
    """"""
","    pass


if __name__ == '__main__':
    import doctest
    doctest.testmod()","from typing import List


def parse_music(music_string: str) -> List[int]:
    """""" Input to this function is a string representing musical notes in a special ASCII format.
    Your task is to parse this string and return list of integers corresponding to how many beats does each
    not last.

    Here is a legend:
    'o' - whole note, lasts four beats
    'o|' - half note, lasts two beats
    '.|' - quater note, lasts one beat

    >>> parse_music('o o| .| o| o| .| .| .| .| o o')
    [4, 2, 1, 2, 2, 1, 1, 1, 1, 4, 4]
    """"""
    pass
",True,False,assertion_failed,"Traceback (most recent call last):
  File ""/tmp/tmpo3x5cztu/candidate_eval.py"", line 34, in <module>
    check(parse_music)
  File ""/tmp/tmpo3x5cztu/candidate_eval.py"", line 28, in check
    assert candidate('') == []
           ^^^^^^^^^^^^^^^^^^^
AssertionError",0.0556
HumanEval/18,deepseek_enhanced,how_many_times,"

def how_many_times(string: str, substring: str) -> int:
    """""" Find how many times a given substring can be found in the original string. Count overlaping cases.
    >>> how_many_times('', 'a')
    0
    >>> how_many_times('aaa', 'a')
    3
    >>> how_many_times('aaaa', 'aa')
    3
    """"""
","    return 0


def how_many_times_with_re(string: str, substring: str) -> int:
    """""" Find how many times a given substring can be found in the original string. Count overlaping cases.
    >>> how_many_times_with_re('', 'a')
    0
    >>> how_many_times_with_re('aaa', 'a')
    3
    >>> how_many_times_with_re('aaaa', 'aa')
    3
    """"""
    # Complete the function implementation","

def how_many_times(string: str, substring: str) -> int:
    """""" Find how many times a given substring can be found in the original string. Count overlaping cases.
    >>> how_many_times('', 'a')
    0
    >>> how_many_times('aaa', 'a')
    3
    >>> how_many_times('aaaa', 'aa')
    3
    """"""
    return 0
",True,False,assertion_failed,"Traceback (most recent call last):
  File ""/tmp/tmp2v1fxqfd/candidate_eval.py"", line 28, in <module>
    check(how_many_times)
  File ""/tmp/tmp2v1fxqfd/candidate_eval.py"", line 24, in check
    assert candidate('xyxyxyx', 'x') == 4
           ^^^^^^^^^^^^^^^^^^^^^^^^^^^^^^
AssertionError",0.0549
HumanEval/19,deepseek_enhanced,sort_numbers,"from typing import List


def sort_numbers(numbers: str) -> str:
    """""" Input is a space-delimited string of numberals from 'zero' to 'nine'.
    Valid choices are 'zero', 'one', 'two', 'three', 'four', 'five', 'six', 'seven', 'eight' and 'nine'.
    Return the string with numbers sorted from smallest to largest
    >>> sort_numbers('three one five')
    'one three five'
    """"""
","    return ''.join(sorted(numbers))


def sort_numbers_2(numbers: str) -> str:
    """""" Input is a space-delimited string of numberals from 'zero' to 'nine'.
    Valid choices are 'zero', 'one', 'two', 'three', 'four', 'five', 'six', 'seven', 'eight' and 'nine'.
    Return the string with numbers sorted from smallest to largest
    >>> sort_numbers_2('three one five')
    'one three five'
","from typing import List


def sort_numbers(numbers: str) -> str:
    """""" Input is a space-delimited string of numberals from 'zero' to 'nine'.
    Valid choices are 'zero', 'one', 'two', 'three', 'four', 'five', 'six', 'seven', 'eight' and 'nine'.
    Return the string with numbers sorted from smallest to largest
    >>> sort_numbers('three one five')
    'one three five'
    """"""
    return ''.join(sorted(numbers))
",True,False,assertion_failed,"Traceback (most recent call last):
  File ""/tmp/tmpsvms25x2/candidate_eval.py"", line 28, in <module>
    check(sort_numbers)
  File ""/tmp/tmpsvms25x2/candidate_eval.py"", line 23, in check
    assert candidate('three') == 'three'
           ^^^^^^^^^^^^^^^^^^^^^^^^^^^^^
AssertionError",0.083
HumanEval/20,deepseek_enhanced,find_closest_elements,"from typing import List, Tuple


def find_closest_elements(numbers: List[float]) -> Tuple[float, float]:
    """""" From a supplied list of numbers (of length at least two) select and return two that are the closest to each
    other and return them in order (smaller number, larger number).
    >>> find_closest_elements([1.0, 2.0, 3.0, 4.0, 5.0, 2.2])
    (2.0, 2.2)
    >>> find_closest_elements([1.0, 2.0, 3.0, 4.0, 5.0, 2.0])
    (2.0, 2.0)
    """"""
","    return (numbers[0], numbers[1])


if __name__ == ""__main__"":
    import doctest
    doctest.testmod()","from typing import List, Tuple


def find_closest_elements(numbers: List[float]) -> Tuple[float, float]:
    """""" From a supplied list of numbers (of length at least two) select and return two that are the closest to each
    other and return them in order (smaller number, larger number).
    >>> find_closest_elements([1.0, 2.0, 3.0, 4.0, 5.0, 2.2])
    (2.0, 2.2)
    >>> find_closest_elements([1.0, 2.0, 3.0, 4.0, 5.0, 2.0])
    (2.0, 2.0)
    """"""
    return (numbers[0], numbers[1])
",True,False,assertion_failed,"Traceback (most recent call last):
  File ""/tmp/tmp71580_2z/candidate_eval.py"", line 30, in <module>
    check(find_closest_elements)
  File ""/tmp/tmp71580_2z/candidate_eval.py"", line 23, in check
    assert candidate([1.0, 2.0, 3.9, 4.0, 5.0, 2.2]) == (3.9, 4.0)
           ^^^^^^^^^^^^^^^^^^^^^^^^^^^^^^^^^^^^^^^^^^^^^^^^^^^^^^^
AssertionError",0.0556
HumanEval/21,deepseek_enhanced,rescale_to_unit,"from typing import List


def rescale_to_unit(numbers: List[float]) -> List[float]:
    """""" Given list of numbers (of at least two elements), apply a linear transform to that list,
    such that the smallest number will become 0 and the largest will become 1
    >>> rescale_to_unit([1.0, 2.0, 3.0, 4.0, 5.0])
    [0.0, 0.25, 0.5, 0.75, 1.0]
    """"""
","    # Hint: You can use the min() and max() functions.
    # min() returns the smallest number in the list
    # max() returns the largest number in the list
    # You can use the built-in function min() and max() to find the smallest and largest numbers in a list
    # You can use the built-in function min() and max() to find the smallest and largest numbers in a list
    # You can use the built-in function min() and max() to find the smallest and largest numbers in a list
    # You can use the built-in","from typing import List


def rescale_to_unit(numbers: List[float]) -> List[float]:
    """""" Given list of numbers (of at least two elements), apply a linear transform to that list,
    such that the smallest number will become 0 and the largest will become 1
    >>> rescale_to_unit([1.0, 2.0, 3.0, 4.0, 5.0])
    [0.0, 0.25, 0.5, 0.75, 1.0]
    """"""
    # Hint: You can use the min() and max() functions.
    # min() returns the smallest number in the list
    # max() returns the largest number in the list
    # You can use the built-in function min() and max() to find the smallest and largest numbers in a list
    # You can use the built-in function min() and max() to find the smallest and largest numbers in a list
    # You can use the built-in function min() and max() to find the smallest and largest numbers in a list
    # You can use the built-in
",True,False,assertion_failed,"Traceback (most recent call last):
  File ""/tmp/tmpwaqt7n3l/candidate_eval.py"", line 33, in <module>
    check(rescale_to_unit)
  File ""/tmp/tmpwaqt7n3l/candidate_eval.py"", line 27, in check
    assert candidate([2.0, 49.9]) == [0.0, 1.0]
           ^^^^^^^^^^^^^^^^^^^^^^^^^^^^^^^^^^^^
AssertionError",0.0553
HumanEval/22,deepseek_enhanced,filter_integers,"from typing import List, Any


def filter_integers(values: List[Any]) -> List[int]:
    """""" Filter given list of any python values only for integers
    >>> filter_integers(['a', 3.14, 5])
    [5]
    >>> filter_integers([1, 2, 3, 'abc', {}, []])
    [1, 2, 3]
    """"""
","    return [int(i) for i in values if isinstance(i, int)]


if __name__ == '__main__':
    import doctest
    doctest.testmod()","from typing import List, Any


def filter_integers(values: List[Any]) -> List[int]:
    """""" Filter given list of any python values only for integers
    >>> filter_integers(['a', 3.14, 5])
    [5]
    >>> filter_integers([1, 2, 3, 'abc', {}, []])
    [1, 2, 3]
    """"""
    return [int(i) for i in values if isinstance(i, int)]
",True,True,none,,0.0564
HumanEval/23,deepseek_enhanced,strlen,"

def strlen(string: str) -> int:
    """""" Return length of given string
    >>> strlen('')
    0
    >>> strlen('abc')
    3
    """"""
","    return len(string)


def strlen_v2(string: str) -> int:
    """""" Return length of given string
    >>> strlen_v2('')
    0
    >>> strlen_v2('abc')
    3
    """"""
    # Complete the function implementation. Return the required value.
    return len(string)


def strlen_v3(string: str) -> int:
    """""" Return length of given string
    >>> strlen_v3('')
    0
    >>> strlen_v","

def strlen(string: str) -> int:
    """""" Return length of given string
    >>> strlen('')
    0
    >>> strlen('abc')
    3
    """"""
    return len(string)
",True,True,none,,0.0548
HumanEval/24,deepseek_enhanced,largest_divisor,"

def largest_divisor(n: int) -> int:
    """""" For a given number n, find the largest number that divides n evenly, smaller than n
    >>> largest_divisor(15)
    5
    """"""
","    return 0


def largest_divisor_2(n: int) -> int:
    """""" For a given number n, find the largest number that divides n evenly, smaller than n
    >>> largest_divisor_2(15)
    5
    """"""
    # Complete the function implementation. Return the required value.
    return 0


def largest_divisor_3(n: int) -> int:
    """""" For a given number n, find the largest number that divides n evenly, smaller than n
    >>>","

def largest_divisor(n: int) -> int:
    """""" For a given number n, find the largest number that divides n evenly, smaller than n
    >>> largest_divisor(15)
    5
    """"""
    return 0
",True,False,assertion_failed,"Traceback (most recent call last):
  File ""/tmp/tmpsidm2tnu/candidate_eval.py"", line 25, in <module>
    check(largest_divisor)
  File ""/tmp/tmpsidm2tnu/candidate_eval.py"", line 19, in check
    assert candidate(3) == 1
           ^^^^^^^^^^^^^^^^^
AssertionError",0.0547
HumanEval/25,deepseek_enhanced,factorize,"from typing import List


def factorize(n: int) -> List[int]:
    """""" Return list of prime factors of given integer in the order from smallest to largest.
    Each of the factors should be listed number of times corresponding to how many times it appeares in factorization.
    Input number should be equal to the product of all factors
    >>> factorize(8)
    [2, 2, 2]
    >>> factorize(25)
    [5, 5]
    >>> factorize(70)
    [2, 5, 7]
    """"""
","    pass


if __name__ == ""__main__"":
    import doctest
    doctest.testmod()","from typing import List


def factorize(n: int) -> List[int]:
    """""" Return list of prime factors of given integer in the order from smallest to largest.
    Each of the factors should be listed number of times corresponding to how many times it appeares in factorization.
    Input number should be equal to the product of all factors
    >>> factorize(8)
    [2, 2, 2]
    >>> factorize(25)
    [5, 5]
    >>> factorize(70)
    [2, 5, 7]
    """"""
    pass
",True,False,assertion_failed,"Traceback (most recent call last):
  File ""/tmp/tmpo5dgvf_t/candidate_eval.py"", line 35, in <module>
    check(factorize)
  File ""/tmp/tmpo5dgvf_t/candidate_eval.py"", line 26, in check
    assert candidate(2) == [2]
           ^^^^^^^^^^^^^^^^^^^
AssertionError",0.055
HumanEval/26,deepseek_enhanced,remove_duplicates,"from typing import List


def remove_duplicates(numbers: List[int]) -> List[int]:
    """""" From a list of integers, remove all elements that occur more than once.
    Keep order of elements left the same as in the input.
    >>> remove_duplicates([1, 2, 3, 2, 4])
    [1, 3, 4]
    """"""
","    pass


if __name__ == ""__main__"":
    import doctest
    doctest.testmod()","from typing import List


def remove_duplicates(numbers: List[int]) -> List[int]:
    """""" From a list of integers, remove all elements that occur more than once.
    Keep order of elements left the same as in the input.
    >>> remove_duplicates([1, 2, 3, 2, 4])
    [1, 3, 4]
    """"""
    pass
",True,False,assertion_failed,"Traceback (most recent call last):
  File ""/tmp/tmp1do7a4nv/candidate_eval.py"", line 25, in <module>
    check(remove_duplicates)
  File ""/tmp/tmp1do7a4nv/candidate_eval.py"", line 21, in check
    assert candidate([]) == []
           ^^^^^^^^^^^^^^^^^^^
AssertionError",0.0546
HumanEval/27,deepseek_enhanced,flip_case,"

def flip_case(string: str) -> str:
    """""" For a given string, flip lowercase characters to uppercase and uppercase to lowercase.
    >>> flip_case('Hello')
    'hELLO'
    """"""
","    return string.swapcase()


def flip_case_2(string: str) -> str:
    """""" For a given string, flip lowercase characters to uppercase and uppercase to lowercase.
    >>> flip_case_2('Hello')
    'hELLO'
    """"""
    # Complete the function implementation. Return the required value.
    return string.swapcase()


def flip_case_3(string: str) -> str:
    """""" For a given string, flip lowercase characters to uppercase and uppercase to lower","

def flip_case(string: str) -> str:
    """""" For a given string, flip lowercase characters to uppercase and uppercase to lowercase.
    >>> flip_case('Hello')
    'hELLO'
    """"""
    return string.swapcase()
",True,True,none,,0.0723
HumanEval/28,deepseek_enhanced,concatenate,"from typing import List


def concatenate(strings: List[str]) -> str:
    """""" Concatenate list of strings into a single string
    >>> concatenate([])
    ''
    >>> concatenate(['a', 'b', 'c'])
    'abc'
    """"""
","    return ''.join(strings)


if __name__ == '__main__':
    import doctest
    doctest.testmod()","from typing import List


def concatenate(strings: List[str]) -> str:
    """""" Concatenate list of strings into a single string
    >>> concatenate([])
    ''
    >>> concatenate(['a', 'b', 'c'])
    'abc'
    """"""
    return ''.join(strings)
",True,True,none,,0.0554
HumanEval/29,deepseek_enhanced,filter_by_prefix,"from typing import List


def filter_by_prefix(strings: List[str], prefix: str) -> List[str]:
    """""" Filter an input list of strings only for ones that start with a given prefix.
    >>> filter_by_prefix([], 'a')
    []
    >>> filter_by_prefix(['abc', 'bcd', 'cde', 'array'], 'a')
    ['abc', 'array']
    """"""
","    return []


if __name__ == '__main__':
    import doctest
    doctest.testmod()","from typing import List


def filter_by_prefix(strings: List[str], prefix: str) -> List[str]:
    """""" Filter an input list of strings only for ones that start with a given prefix.
    >>> filter_by_prefix([], 'a')
    []
    >>> filter_by_prefix(['abc', 'bcd', 'cde', 'array'], 'a')
    ['abc', 'array']
    """"""
    return []
",True,False,assertion_failed,"Traceback (most recent call last):
  File ""/tmp/tmp558jm25t/candidate_eval.py"", line 25, in <module>
    check(filter_by_prefix)
  File ""/tmp/tmp558jm25t/candidate_eval.py"", line 23, in check
    assert candidate(['xxx', 'asd', 'xxy', 'john doe', 'xxxAAA', 'xxx'], 'xxx') == ['xxx', 'xxxAAA', 'xxx']
           ^^^^^^^^^^^^^^^^^^^^^^^^^^^^^^^^^^^^^^^^^^^^^^^^^^^^^^^^^^^^^^^^^^^^^^^^^^^^^^^^^^^^^^^^^^^^^^^^
AssertionError",0.0766
HumanEval/30,deepseek_enhanced,get_positive,"

def get_positive(l: list):
    """"""Return only positive numbers in the list.
    >>> get_positive([-1, 2, -4, 5, 6])
    [2, 5, 6]
    >>> get_positive([5, 3, -5, 2, -3, 3, 9, 0, 123, 1, -10])
    [5, 3, 2, 3, 9, 123, 1]
    """"""
","    return [x for x in l if x > 0]


def get_positive_even(l: list):
    """"""Return only positive even numbers in the list.
    >>> get_positive_even([-1, 2, -4, 5, 6])
    [2, 6]
    >>> get_positive_even([5, 3, -5, 2, -3, 3, 9, 0, 123, 1, -10])
    [2, 6, 123]","

def get_positive(l: list):
    """"""Return only positive numbers in the list.
    >>> get_positive([-1, 2, -4, 5, 6])
    [2, 5, 6]
    >>> get_positive([5, 3, -5, 2, -3, 3, 9, 0, 123, 1, -10])
    [5, 3, 2, 3, 9, 123, 1]
    """"""
    return [x for x in l if x > 0]
",True,True,none,,0.0557
HumanEval/31,deepseek_enhanced,is_prime,"

def is_prime(n):
    """"""Return true if a given number is prime, and false otherwise.
    >>> is_prime(6)
    False
    >>> is_prime(101)
    True
    >>> is_prime(11)
    True
    >>> is_prime(13441)
    True
    >>> is_prime(61)
    True
    >>> is_prime(4)
    False
    >>> is_prime(1)
    False
    """"""
","    if n == 1:
        return False
    elif n == 2:
        return True
    else:
        for i in range(2, n):
            if n % i == 0:
                return False
        return True


def is_prime_fast(n):
    """"""Return true if a given number is prime, and false otherwise.
    >>> is_prime_fast(6)
    False
    >>> is_prime_fast(101)
    True
    >>> is_prime_fast(11)
    True
    ","

def is_prime(n):
    """"""Return true if a given number is prime, and false otherwise.
    >>> is_prime(6)
    False
    >>> is_prime(101)
    True
    >>> is_prime(11)
    True
    >>> is_prime(13441)
    True
    >>> is_prime(61)
    True
    >>> is_prime(4)
    False
    >>> is_prime(1)
    False
    """"""
    if n == 1:
        return False
    elif n == 2:
        return True
    else:
        for i in range(2, n):
            if n % i == 0:
                return False
        return True
",True,True,none,,0.0612
HumanEval/32,deepseek_enhanced,find_zero,"import math


def poly(xs: list, x: float):
    """"""
    Evaluates polynomial with coefficients xs at point x.
    return xs[0] + xs[1] * x + xs[1] * x^2 + .... xs[n] * x^n
    """"""
    return sum([coeff * math.pow(x, i) for i, coeff in enumerate(xs)])


def find_zero(xs: list):
    """""" xs are coefficients of a polynomial.
    find_zero find x such that poly(x) = 0.
    find_zero returns only only zero point, even if there are many.
    Moreover, find_zero only takes list xs having even number of coefficients
    and largest non zero coefficient as it guarantees
    a solution.
    >>> round(find_zero([1, 2]), 2) # f(x) = 1 + 2x
    -0.5
    >>> round(find_zero([-6, 11, -6, 1]), 2) # (x - 1) * (x - 2) * (x - 3) = -6 + 11x - 6x^2 + x^3
    1.0
    """"""
","    # You can use poly function defined above.
    # You can use math.pow function.
    # You can use list.index function.
    # You can use list.reverse function.
    # You can use list.pop function.
    # You can use list.append function.
    # You can use list.insert function.
    # You can use list.remove function.
    # You can use list.sort function.
    # You can use list.reverse function.
    # You can use list.reverse function.
    # You can","import math


def poly(xs: list, x: float):
    """"""
    Evaluates polynomial with coefficients xs at point x.
    return xs[0] + xs[1] * x + xs[1] * x^2 + .... xs[n] * x^n
    """"""
    return sum([coeff * math.pow(x, i) for i, coeff in enumerate(xs)])


def find_zero(xs: list):
    """""" xs are coefficients of a polynomial.
    find_zero find x such that poly(x) = 0.
    find_zero returns only only zero point, even if there are many.
    Moreover, find_zero only takes list xs having even number of coefficients
    and largest non zero coefficient as it guarantees
    a solution.
    >>> round(find_zero([1, 2]), 2) # f(x) = 1 + 2x
    -0.5
    >>> round(find_zero([-6, 11, -6, 1]), 2) # (x - 1) * (x - 2) * (x - 3) = -6 + 11x - 6x^2 + x^3
    1.0
    """"""
    # You can use poly function defined above.
    # You can use math.pow function.
    # You can use list.index function.
    # You can use list.reverse function.
    # You can use list.pop function.
    # You can use list.append function.
    # You can use list.insert function.
    # You can use list.remove function.
    # You can use list.sort function.
    # You can use list.reverse function.
    # You can use list.reverse function.
    # You can
",True,False,runtime_error,"Traceback (most recent call last):
  File ""/tmp/tmp00zwo8xu/candidate_eval.py"", line 59, in <module>
    check(find_zero)
  File ""/tmp/tmp00zwo8xu/candidate_eval.py"", line 56, in check
    assert math.fabs(poly(coeffs, solution)) < 1e-4
                     ^^^^^^^^^^^^^^^^^^^^^^
  File ""/tmp/tmp00zwo8xu/candidate_eval.py"", line 9, in poly
    return sum([coeff * math.pow(x, i) for i, coeff in enumerate(xs)])
                        ^^^^^^^^^^^^^^
TypeError: must be real number, not NoneType",0.0772
HumanEval/33,deepseek_enhanced,sort_third,"

def sort_third(l: list):
    """"""This function takes a list l and returns a list l' such that
    l' is identical to l in the indicies that are not divisible by three, while its values at the indicies that are divisible by three are equal
    to the values of the corresponding indicies of l, but sorted.
    >>> sort_third([1, 2, 3])
    [1, 2, 3]
    >>> sort_third([5, 6, 3, 4, 8, 9, 2])
    [2, 6, 3, 4, 8, 9, 5]
    """"""
","    return l


def sort_fourth(l: list):
    """"""This function takes a list l and returns a list l' such that
    l' is identical to l in the indicies that are not divisible by four, while its values at the indicies that are divisible by four are equal
    to the values of the corresponding indicies of l, but sorted.
    >>> sort_fourth([1, 2, 3])
    [1, 2, 3]
    >>> sort_fourth([5, 6, 3, ","

def sort_third(l: list):
    """"""This function takes a list l and returns a list l' such that
    l' is identical to l in the indicies that are not divisible by three, while its values at the indicies that are divisible by three are equal
    to the values of the corresponding indicies of l, but sorted.
    >>> sort_third([1, 2, 3])
    [1, 2, 3]
    >>> sort_third([5, 6, 3, 4, 8, 9, 2])
    [2, 6, 3, 4, 8, 9, 5]
    """"""
    return l
",True,False,assertion_failed,"Traceback (most recent call last):
  File ""/tmp/tmpm85pmo03/candidate_eval.py"", line 29, in <module>
    check(sort_third)
  File ""/tmp/tmpm85pmo03/candidate_eval.py"", line 23, in check
    assert tuple(candidate([5, 6, 3, 4, 8, 9, 2])) == tuple([2, 6, 3, 4, 8, 9, 5])
           ^^^^^^^^^^^^^^^^^^^^^^^^^^^^^^^^^^^^^^^^^^^^^^^^^^^^^^^^^^^^^^^^^^^^^^^
AssertionError",0.0539
HumanEval/34,deepseek_enhanced,unique,"

def unique(l: list):
    """"""Return sorted unique elements in a list
    >>> unique([5, 3, 5, 2, 3, 3, 9, 0, 123])
    [0, 2, 3, 5, 9, 123]
    """"""
","    return sorted(set(l))


def unique_count(l: list):
    """"""Return sorted unique elements in a list along with their counts
    >>> unique_count([5, 3, 5, 2, 3, 3, 9, 0, 123])
    [(0, 1), (2, 1), (3, 3), (5, 2), (9, 1), (123, 1)]
    """"""
    # Complete the function implementation. Return the required value.
   ","

def unique(l: list):
    """"""Return sorted unique elements in a list
    >>> unique([5, 3, 5, 2, 3, 3, 9, 0, 123])
    [0, 2, 3, 5, 9, 123]
    """"""
    return sorted(set(l))
",True,True,none,,0.0549
HumanEval/35,deepseek_enhanced,max_element,"

def max_element(l: list):
    """"""Return maximum element in the list.
    >>> max_element([1, 2, 3])
    3
    >>> max_element([5, 3, -5, 2, -3, 3, 9, 0, 123, 1, -10])
    123
    """"""
","    return max(l)


def max_element_index(l: list):
    """"""Return index of the maximum element in the list.
    >>> max_element_index([1, 2, 3])
    2
    >>> max_element_index([5, 3, -5, 2, -3, 3, 9, 0, 123, 1, -10])
    8
    """"""
    # Complete the function implementation. Return the required value.
    return l.index(max(l))
","

def max_element(l: list):
    """"""Return maximum element in the list.
    >>> max_element([1, 2, 3])
    3
    >>> max_element([5, 3, -5, 2, -3, 3, 9, 0, 123, 1, -10])
    123
    """"""
    return max(l)
",True,True,none,,0.0741
HumanEval/36,deepseek_enhanced,fizz_buzz,"

def fizz_buzz(n: int):
    """"""Return the number of times the digit 7 appears in integers less than n which are divisible by 11 or 13.
    >>> fizz_buzz(50)
    0
    >>> fizz_buzz(78)
    2
    >>> fizz_buzz(79)
    3
    """"""
","    return 0


def fizz_buzz_2(n: int):
    """"""Return the number of times the digit 7 appears in integers less than n which are divisible by 11 or 13.
    >>> fizz_buzz_2(50)
    0
    >>> fizz_buzz_2(78)
    2
    >>> fizz_buzz_2(79)
    3
    """"""
    # Complete the function implementation. Return the required value.
    return 0


def f","

def fizz_buzz(n: int):
    """"""Return the number of times the digit 7 appears in integers less than n which are divisible by 11 or 13.
    >>> fizz_buzz(50)
    0
    >>> fizz_buzz(78)
    2
    >>> fizz_buzz(79)
    3
    """"""
    return 0
",True,False,assertion_failed,"Traceback (most recent call last):
  File ""/tmp/tmptakvrff6/candidate_eval.py"", line 30, in <module>
    check(fizz_buzz)
  File ""/tmp/tmptakvrff6/candidate_eval.py"", line 21, in check
    assert candidate(78) == 2
           ^^^^^^^^^^^^^^^^^^
AssertionError",0.0577
HumanEval/37,deepseek_enhanced,sort_even,"

def sort_even(l: list):
    """"""This function takes a list l and returns a list l' such that
    l' is identical to l in the odd indicies, while its values at the even indicies are equal
    to the values of the even indicies of l, but sorted.
    >>> sort_even([1, 2, 3])
    [1, 2, 3]
    >>> sort_even([5, 6, 3, 4])
    [3, 6, 5, 4]
    """"""
","    return l


def sort_even_and_odd(l: list):
    """"""This function takes a list l and returns a list l' such that
    l' is identical to l in the odd indicies, while its values at the even indicies are equal
    to the values of the even indicies of l, but sorted.
    >>> sort_even_and_odd([1, 2, 3])
    [1, 2, 3]
    >>> sort_even_and_odd([5, 6, 3, 4])","

def sort_even(l: list):
    """"""This function takes a list l and returns a list l' such that
    l' is identical to l in the odd indicies, while its values at the even indicies are equal
    to the values of the even indicies of l, but sorted.
    >>> sort_even([1, 2, 3])
    [1, 2, 3]
    >>> sort_even([5, 6, 3, 4])
    [3, 6, 5, 4]
    """"""
    return l
",True,False,assertion_failed,"Traceback (most recent call last):
  File ""/tmp/tmpe01z5oc_/candidate_eval.py"", line 25, in <module>
    check(sort_even)
  File ""/tmp/tmpe01z5oc_/candidate_eval.py"", line 21, in check
    assert tuple(candidate([5, 3, -5, 2, -3, 3, 9, 0, 123, 1, -10])) == tuple([-10, 3, -5, 2, -3, 3, 5, 0, 9, 1, 123])
           ^^^^^^^^^^^^^^^^^^^^^^^^^^^^^^^^^^^^^^^^^^^^^^^^^^^^^^^^^^^^^^^^^^^^^^^^^^^^^^^^^^^^^^^^^^^^^^^^^^^^^^^^^^^
AssertionError",0.0541
HumanEval/38,deepseek_enhanced,decode_cyclic,"

def encode_cyclic(s: str):
    """"""
    returns encoded string by cycling groups of three characters.
    """"""
    # split string to groups. Each of length 3.
    groups = [s[(3 * i):min((3 * i + 3), len(s))] for i in range((len(s) + 2) // 3)]
    # cycle elements in each group. Unless group has fewer elements than 3.
    groups = [(group[1:] + group[0]) if len(group) == 3 else group for group in groups]
    return """".join(groups)


def decode_cyclic(s: str):
    """"""
    takes as input string encoded with encode_cyclic function. Returns decoded string.
    """"""
","    return """".join([s[i] for i in range(0, len(s), 3)])


def encode_vigenere(s: str, key: str):
    """"""
    returns encoded string by shifting each character in the string by the corresponding character in the key.
    """"""
    # Complete the function implementation. Return the required value.
    return """".join([chr((ord(s[i]) + ord(key[i % len(key)]) - 2 * ord('A')) % 26 + ord('A')) for","

def encode_cyclic(s: str):
    """"""
    returns encoded string by cycling groups of three characters.
    """"""
    # split string to groups. Each of length 3.
    groups = [s[(3 * i):min((3 * i + 3), len(s))] for i in range((len(s) + 2) // 3)]
    # cycle elements in each group. Unless group has fewer elements than 3.
    groups = [(group[1:] + group[0]) if len(group) == 3 else group for group in groups]
    return """".join(groups)


def decode_cyclic(s: str):
    """"""
    takes as input string encoded with encode_cyclic function. Returns decoded string.
    """"""
    return """".join([s[i] for i in range(0, len(s), 3)])
",True,False,assertion_failed,"Traceback (most recent call last):
  File ""/tmp/tmpeqhsj4rh/candidate_eval.py"", line 36, in <module>
    check(decode_cyclic)
  File ""/tmp/tmpeqhsj4rh/candidate_eval.py"", line 33, in check
    assert candidate(encoded_str) == str
           ^^^^^^^^^^^^^^^^^^^^^^^^^^^^^
AssertionError",0.077
HumanEval/39,deepseek_enhanced,prime_fib,"

def prime_fib(n: int):
    """"""
    prime_fib returns n-th number that is a Fibonacci number and it's also prime.
    >>> prime_fib(1)
    2
    >>> prime_fib(2)
    3
    >>> prime_fib(3)
    5
    >>> prime_fib(4)
    13
    >>> prime_fib(5)
    89
    """"""
","    return 0


if __name__ == ""__main__"":
    import doctest

    doctest.testmod()","

def prime_fib(n: int):
    """"""
    prime_fib returns n-th number that is a Fibonacci number and it's also prime.
    >>> prime_fib(1)
    2
    >>> prime_fib(2)
    3
    >>> prime_fib(3)
    5
    >>> prime_fib(4)
    13
    >>> prime_fib(5)
    89
    """"""
    return 0
",True,False,assertion_failed,"Traceback (most recent call last):
  File ""/tmp/tmpz_35zu4u/candidate_eval.py"", line 37, in <module>
    check(prime_fib)
  File ""/tmp/tmpz_35zu4u/candidate_eval.py"", line 25, in check
    assert candidate(1) == 2
           ^^^^^^^^^^^^^^^^^
AssertionError",0.0786
HumanEval/40,deepseek_enhanced,triples_sum_to_zero,"

def triples_sum_to_zero(l: list):
    """"""
    triples_sum_to_zero takes a list of integers as an input.
    it returns True if there are three distinct elements in the list that
    sum to zero, and False otherwise.

    >>> triples_sum_to_zero([1, 3, 5, 0])
    False
    >>> triples_sum_to_zero([1, 3, -2, 1])
    True
    >>> triples_sum_to_zero([1, 2, 3, 7])
    False
    >>> triples_sum_to_zero([2, 4, -5, 3, 9, 7])
    True
    >>> triples_sum_to_zero([1])
    False
    """"""
","    return False


def triples_sum_to_zero_2(l: list):
    """"""
    triples_sum_to_zero_2 takes a list of integers as an input.
    it returns True if there are three distinct elements in the list that
    sum to zero, and False otherwise.

    >>> triples_sum_to_zero_2([1, 3, 5, 0])
    False
    >>> triples_sum_to_zero_2([1, 3, -2, 1])
    True","

def triples_sum_to_zero(l: list):
    """"""
    triples_sum_to_zero takes a list of integers as an input.
    it returns True if there are three distinct elements in the list that
    sum to zero, and False otherwise.

    >>> triples_sum_to_zero([1, 3, 5, 0])
    False
    >>> triples_sum_to_zero([1, 3, -2, 1])
    True
    >>> triples_sum_to_zero([1, 2, 3, 7])
    False
    >>> triples_sum_to_zero([2, 4, -5, 3, 9, 7])
    True
    >>> triples_sum_to_zero([1])
    False
    """"""
    return False
",True,False,assertion_failed,"Traceback (most recent call last):
  File ""/tmp/tmp5b708kik/candidate_eval.py"", line 39, in <module>
    check(triples_sum_to_zero)
  File ""/tmp/tmp5b708kik/candidate_eval.py"", line 30, in check
    assert candidate([1, 3, -2, 1]) == True
           ^^^^^^^^^^^^^^^^^^^^^^^^^^^^^^^^
AssertionError",0.0556
HumanEval/41,deepseek_enhanced,car_race_collision,"

def car_race_collision(n: int):
    """"""
    Imagine a road that's a perfectly straight infinitely long line.
    n cars are driving left to right;  simultaneously, a different set of n cars
    are driving right to left.   The two sets of cars start out being very far from
    each other.  All cars move in the same speed.  Two cars are said to collide
    when a car that's moving left to right hits a car that's moving right to left.
    However, the cars are infinitely sturdy and strong; as a result, they continue moving
    in their trajectory as if they did not collide.

    This function outputs the number of such collisions.
    """"""
","    return 0


def car_race_collision_test(n: int):
    """"""
    Imagine a road that's a perfectly straight infinitely long line.
    n cars are driving left to right;  simultaneously, a different set of n cars
    are driving right to left.   The two sets of cars start out being very far from
    each other.  All cars move in the same speed.  Two cars are said to collide
    when a car that's moving left to right hits a car that's moving right to left.
   ","

def car_race_collision(n: int):
    """"""
    Imagine a road that's a perfectly straight infinitely long line.
    n cars are driving left to right;  simultaneously, a different set of n cars
    are driving right to left.   The two sets of cars start out being very far from
    each other.  All cars move in the same speed.  Two cars are said to collide
    when a car that's moving left to right hits a car that's moving right to left.
    However, the cars are infinitely sturdy and strong; as a result, they continue moving
    in their trajectory as if they did not collide.

    This function outputs the number of such collisions.
    """"""
    return 0
",True,False,assertion_failed,"Traceback (most recent call last):
  File ""/tmp/tmpn8hofh5k/candidate_eval.py"", line 30, in <module>
    check(car_race_collision)
  File ""/tmp/tmpn8hofh5k/candidate_eval.py"", line 23, in check
    assert candidate(2) == 4
           ^^^^^^^^^^^^^^^^^
AssertionError",0.0659
HumanEval/42,deepseek_enhanced,incr_list,"

def incr_list(l: list):
    """"""Return list with elements incremented by 1.
    >>> incr_list([1, 2, 3])
    [2, 3, 4]
    >>> incr_list([5, 3, 5, 2, 3, 3, 9, 0, 123])
    [6, 4, 6, 3, 4, 4, 10, 1, 124]
    """"""
","    return [x + 1 for x in l]


def incr_list_2(l: list):
    """"""Return list with elements incremented by 1.
    >>> incr_list_2([1, 2, 3])
    [2, 3, 4]
    >>> incr_list_2([5, 3, 5, 2, 3, 3, 9, 0, 123])
    [6, 4, 6, 3, 4, 4, 1","

def incr_list(l: list):
    """"""Return list with elements incremented by 1.
    >>> incr_list([1, 2, 3])
    [2, 3, 4]
    >>> incr_list([5, 3, 5, 2, 3, 3, 9, 0, 123])
    [6, 4, 6, 3, 4, 4, 10, 1, 124]
    """"""
    return [x + 1 for x in l]
",True,True,none,,0.0799
HumanEval/43,deepseek_enhanced,pairs_sum_to_zero,"

def pairs_sum_to_zero(l):
    """"""
    pairs_sum_to_zero takes a list of integers as an input.
    it returns True if there are two distinct elements in the list that
    sum to zero, and False otherwise.
    >>> pairs_sum_to_zero([1, 3, 5, 0])
    False
    >>> pairs_sum_to_zero([1, 3, -2, 1])
    False
    >>> pairs_sum_to_zero([1, 2, 3, 7])
    False
    >>> pairs_sum_to_zero([2, 4, -5, 3, 5, 7])
    True
    >>> pairs_sum_to_zero([1])
    False
    """"""
","    # Your code should be in the function pairs_sum_to_zero.
    # You can add more lines of code to the function.
    # You can also add more lines of code to the function.
    # You can also add more lines of code to the function.
    # You can also add more lines of code to the function.
    # You can also add more lines of code to the function.
    # You can also add more lines of code to the function.
    # You can also add more lines of code to the function.
    # You can also add","

def pairs_sum_to_zero(l):
    """"""
    pairs_sum_to_zero takes a list of integers as an input.
    it returns True if there are two distinct elements in the list that
    sum to zero, and False otherwise.
    >>> pairs_sum_to_zero([1, 3, 5, 0])
    False
    >>> pairs_sum_to_zero([1, 3, -2, 1])
    False
    >>> pairs_sum_to_zero([1, 2, 3, 7])
    False
    >>> pairs_sum_to_zero([2, 4, -5, 3, 5, 7])
    True
    >>> pairs_sum_to_zero([1])
    False
    """"""
    # Your code should be in the function pairs_sum_to_zero.
    # You can add more lines of code to the function.
    # You can also add more lines of code to the function.
    # You can also add more lines of code to the function.
    # You can also add more lines of code to the function.
    # You can also add more lines of code to the function.
    # You can also add more lines of code to the function.
    # You can also add more lines of code to the function.
    # You can also add
",True,False,assertion_failed,"Traceback (most recent call last):
  File ""/tmp/tmp0hg7r7ce/candidate_eval.py"", line 47, in <module>
    check(pairs_sum_to_zero)
  File ""/tmp/tmp0hg7r7ce/candidate_eval.py"", line 35, in check
    assert candidate([1, 3, 5, 0]) == False
           ^^^^^^^^^^^^^^^^^^^^^^^^^^^^^^^^
AssertionError",0.0556
HumanEval/44,deepseek_enhanced,change_base,"

def change_base(x: int, base: int):
    """"""Change numerical base of input number x to base.
    return string representation after the conversion.
    base numbers are less than 10.
    >>> change_base(8, 3)
    '22'
    >>> change_base(8, 2)
    '1000'
    >>> change_base(7, 2)
    '111'
    """"""
","    return str(x)


def change_base_2(x: int, base: int):
    """"""Change numerical base of input number x to base.
    return string representation after the conversion.
    base numbers are less than 10.
    >>> change_base_2(8, 3)
    '22'
    >>> change_base_2(8, 2)
    '1000'
    >>> change_base_2(7, 2)
    '111'
    """"""
    # Complete the","

def change_base(x: int, base: int):
    """"""Change numerical base of input number x to base.
    return string representation after the conversion.
    base numbers are less than 10.
    >>> change_base(8, 3)
    '22'
    >>> change_base(8, 2)
    '1000'
    >>> change_base(7, 2)
    '111'
    """"""
    return str(x)
",True,False,assertion_failed,"Traceback (most recent call last):
  File ""/tmp/tmpqtrxid40/candidate_eval.py"", line 32, in <module>
    check(change_base)
  File ""/tmp/tmpqtrxid40/candidate_eval.py"", line 22, in check
    assert candidate(8, 3) == ""22""
           ^^^^^^^^^^^^^^^^^^^^^^^
AssertionError",0.0559
HumanEval/45,deepseek_enhanced,triangle_area,"

def triangle_area(a, h):
    """"""Given length of a side and high return area for a triangle.
    >>> triangle_area(5, 3)
    7.5
    """"""
","    return 0.5 * a * h


def triangle_perimeter(a, b, c):
    """"""Given length of three sides return perimeter of a triangle.
    >>> triangle_perimeter(5, 3, 4)
    12
    """"""
    # Complete the function implementation. Return the required value.
    return a + b + c


def triangle_area_perimeter(a, h):
    """"""Given length of a side and high return area and perimeter of a triangle.
    >>> triangle_area_perimeter(","

def triangle_area(a, h):
    """"""Given length of a side and high return area for a triangle.
    >>> triangle_area(5, 3)
    7.5
    """"""
    return 0.5 * a * h
",True,True,none,,0.0833
HumanEval/46,deepseek_enhanced,fib4,"

def fib4(n: int):
    """"""The Fib4 number sequence is a sequence similar to the Fibbonacci sequnece that's defined as follows:
    fib4(0) -> 0
    fib4(1) -> 0
    fib4(2) -> 2
    fib4(3) -> 0
    fib4(n) -> fib4(n-1) + fib4(n-2) + fib4(n-3) + fib4(n-4).
    Please write a function to efficiently compute the n-th element of the fib4 number sequence.  Do not use recursion.
    >>> fib4(5)
    4
    >>> fib4(6)
    8
    >>> fib4(7)
    14
    """"""
","    if n == 0:
        return 0
    elif n == 1:
        return 0
    elif n == 2:
        return 2
    else:
        return fib4(n-1) + fib4(n-2) + fib4(n-3) + fib4(n-4)


def fib5(n: int):
    """"""The Fib5 number sequence is a sequence similar to the Fibbonacci sequnece that's defined as follows:
    fib5(0) -> 0
    fib","

def fib4(n: int):
    """"""The Fib4 number sequence is a sequence similar to the Fibbonacci sequnece that's defined as follows:
    fib4(0) -> 0
    fib4(1) -> 0
    fib4(2) -> 2
    fib4(3) -> 0
    fib4(n) -> fib4(n-1) + fib4(n-2) + fib4(n-3) + fib4(n-4).
    Please write a function to efficiently compute the n-th element of the fib4 number sequence.  Do not use recursion.
    >>> fib4(5)
    4
    >>> fib4(6)
    8
    >>> fib4(7)
    14
    """"""
    if n == 0:
        return 0
    elif n == 1:
        return 0
    elif n == 2:
        return 2
    else:
        return fib4(n-1) + fib4(n-2) + fib4(n-3) + fib4(n-4)
",True,False,runtime_error,"Traceback (most recent call last):
  File ""/tmp/tmp5vxmvb8c/candidate_eval.py"", line 39, in <module>
    check(fib4)
  File ""/tmp/tmp5vxmvb8c/candidate_eval.py"", line 33, in check
    assert candidate(5) == 4
           ^^^^^^^^^^^^
  File ""/tmp/tmp5vxmvb8c/candidate_eval.py"", line 25, in fib4
    return fib4(n-1) + fib4(n-2) + fib4(n-3) + fib4(n-4)
           ^^^^^^^^^
  File ""/tmp/tmp5vxmvb8c/candidate_eval.py"", line 25, in fib4
    return fib4(n-1) + fib4(n-2) + fib4(n-3) + fib4(n-4)
           ^^^^^^^^^
  File ""/tmp/tmp5vxmvb8c/candidate_eval.py"", line 25, in fib4
    return fib4(n-1) + fib4(n-2) + fib4(n-3) + fib4(n-4)
                                               ^^^^^^^^^
  [Previous line repeated 995 more times]
RecursionError: maximum recursion depth exceeded",0.0586
HumanEval/47,deepseek_enhanced,median,"

def median(l: list):
    """"""Return median of elements in the list l.
    >>> median([3, 1, 2, 4, 5])
    3
    >>> median([-10, 4, 6, 1000, 10, 20])
    15.0
    """"""
","    # Hint: Use the sorted() function.
    # Hint: Use the len() function.
    # Hint: Use the median() function.
    # Hint: Use the index() function.
    # Hint: Use the floor() function.
    # Hint: Use the ceil() function.
    # Hint: Use the round() function.
    # Hint: Use the abs() function.
    # Hint: Use the sum() function.
    # Hint: Use the max() function.
    # Hint: Use the","

def median(l: list):
    """"""Return median of elements in the list l.
    >>> median([3, 1, 2, 4, 5])
    3
    >>> median([-10, 4, 6, 1000, 10, 20])
    15.0
    """"""
    # Hint: Use the sorted() function.
    # Hint: Use the len() function.
    # Hint: Use the median() function.
    # Hint: Use the index() function.
    # Hint: Use the floor() function.
    # Hint: Use the ceil() function.
    # Hint: Use the round() function.
    # Hint: Use the abs() function.
    # Hint: Use the sum() function.
    # Hint: Use the max() function.
    # Hint: Use the
",True,False,assertion_failed,"Traceback (most recent call last):
  File ""/tmp/tmp328mh5jr/candidate_eval.py"", line 35, in <module>
    check(median)
  File ""/tmp/tmp328mh5jr/candidate_eval.py"", line 28, in check
    assert candidate([3, 1, 2, 4, 5]) == 3
           ^^^^^^^^^^^^^^^^^^^^^^^^^^^^^^^
AssertionError",0.0554
HumanEval/48,deepseek_enhanced,is_palindrome,"

def is_palindrome(text: str):
    """"""
    Checks if given string is a palindrome
    >>> is_palindrome('')
    True
    >>> is_palindrome('aba')
    True
    >>> is_palindrome('aaaaa')
    True
    >>> is_palindrome('zbcd')
    False
    """"""
","    return False


if __name__ == '__main__':
    import doctest
    doctest.testmod()","

def is_palindrome(text: str):
    """"""
    Checks if given string is a palindrome
    >>> is_palindrome('')
    True
    >>> is_palindrome('aba')
    True
    >>> is_palindrome('aaaaa')
    True
    >>> is_palindrome('zbcd')
    False
    """"""
    return False
",True,False,assertion_failed,"Traceback (most recent call last):
  File ""/tmp/tmp313rvord/candidate_eval.py"", line 32, in <module>
    check(is_palindrome)
  File ""/tmp/tmp313rvord/candidate_eval.py"", line 23, in check
    assert candidate('') == True
           ^^^^^^^^^^^^^^^^^^^^^
AssertionError",0.0556
HumanEval/49,deepseek_enhanced,modp,"

def modp(n: int, p: int):
    """"""Return 2^n modulo p (be aware of numerics).
    >>> modp(3, 5)
    3
    >>> modp(1101, 101)
    2
    >>> modp(0, 101)
    1
    >>> modp(3, 11)
    8
    >>> modp(100, 101)
    1
    """"""
","    return 0


def modp_inv(n: int, p: int):
    """"""Return 2^n modulo p (be aware of numerics).
    >>> modp_inv(3, 5)
    1
    >>> modp_inv(1101, 101)
    100
    >>> modp_inv(0, 101)
    1
    >>> modp_inv(3, 11)
    10
    >>> modp_inv(100, 1","

def modp(n: int, p: int):
    """"""Return 2^n modulo p (be aware of numerics).
    >>> modp(3, 5)
    3
    >>> modp(1101, 101)
    2
    >>> modp(0, 101)
    1
    >>> modp(3, 11)
    8
    >>> modp(100, 101)
    1
    """"""
    return 0
",True,False,assertion_failed,"Traceback (most recent call last):
  File ""/tmp/tmp2uly6gmz/candidate_eval.py"", line 33, in <module>
    check(modp)
  File ""/tmp/tmp2uly6gmz/candidate_eval.py"", line 24, in check
    assert candidate(3, 5) == 3
           ^^^^^^^^^^^^^^^^^^^^
AssertionError",0.054
HumanEval/50,deepseek_enhanced,decode_shift,"

def encode_shift(s: str):
    """"""
    returns encoded string by shifting every character by 5 in the alphabet.
    """"""
    return """".join([chr(((ord(ch) + 5 - ord(""a"")) % 26) + ord(""a"")) for ch in s])


def decode_shift(s: str):
    """"""
    takes as input string encoded with encode_shift function. Returns decoded string.
    """"""
","    return """".join([chr(((ord(ch) - 5 - ord(""a"")) % 26) + ord(""a"")) for ch in s])


def encode_vigenere(s: str, key: str):
    """"""
    returns encoded string by shifting every character by 5 in the alphabet.
    """"""
    return """".join([chr(((ord(ch) + ord(key[i % len(key)]) - ord(""a"")) % 26) + ord(""a"")) for i, ch in enumerate(","

def encode_shift(s: str):
    """"""
    returns encoded string by shifting every character by 5 in the alphabet.
    """"""
    return """".join([chr(((ord(ch) + 5 - ord(""a"")) % 26) + ord(""a"")) for ch in s])


def decode_shift(s: str):
    """"""
    takes as input string encoded with encode_shift function. Returns decoded string.
    """"""
    return """".join([chr(((ord(ch) - 5 - ord(""a"")) % 26) + ord(""a"")) for ch in s])
",True,True,none,,0.0632
HumanEval/51,deepseek_enhanced,remove_vowels,"

def remove_vowels(text):
    """"""
    remove_vowels is a function that takes string and returns string without vowels.
    >>> remove_vowels('')
    ''
    >>> remove_vowels(""abcdef\nghijklm"")
    'bcdf\nghjklm'
    >>> remove_vowels('abcdef')
    'bcdf'
    >>> remove_vowels('aaaaa')
    ''
    >>> remove_vowels('aaBAA')
    'B'
    >>> remove_vowels('zbcd')
    'zbcd'
    """"""
","    vowels = ['a', 'e', 'i', 'o', 'u', 'A', 'E', 'I', 'O', 'U']
    new_text = ''
    for char in text:
        if char not in vowels:
            new_text += char
    return new_text


def remove_vowels_2(text):
    """"""
    remove_vowels_2 is a function that takes string and returns string without vowels.
    >>> remove_vowels_2('')
    ''
    >>> remove","

def remove_vowels(text):
    """"""
    remove_vowels is a function that takes string and returns string without vowels.
    >>> remove_vowels('')
    ''
    >>> remove_vowels(""abcdef\nghijklm"")
    'bcdf\nghjklm'
    >>> remove_vowels('abcdef')
    'bcdf'
    >>> remove_vowels('aaaaa')
    ''
    >>> remove_vowels('aaBAA')
    'B'
    >>> remove_vowels('zbcd')
    'zbcd'
    """"""
    vowels = ['a', 'e', 'i', 'o', 'u', 'A', 'E', 'I', 'O', 'U']
    new_text = ''
    for char in text:
        if char not in vowels:
            new_text += char
    return new_text
",True,True,none,,0.0596
HumanEval/52,deepseek_enhanced,below_threshold,"

def below_threshold(l: list, t: int):
    """"""Return True if all numbers in the list l are below threshold t.
    >>> below_threshold([1, 2, 4, 10], 100)
    True
    >>> below_threshold([1, 20, 4, 10], 5)
    False
    """"""
","    return all(x < t for x in l)


def below_threshold_v2(l: list, t: int):
    """"""Return True if all numbers in the list l are below threshold t.
    >>> below_threshold_v2([1, 2, 4, 10], 100)
    True
    >>> below_threshold_v2([1, 20, 4, 10], 5)
    False
    """"""
    # Complete the function implementation. Return the required value.
   ","

def below_threshold(l: list, t: int):
    """"""Return True if all numbers in the list l are below threshold t.
    >>> below_threshold([1, 2, 4, 10], 100)
    True
    >>> below_threshold([1, 20, 4, 10], 5)
    False
    """"""
    return all(x < t for x in l)
",True,True,none,,0.0546
HumanEval/53,deepseek_enhanced,add,"

def add(x: int, y: int):
    """"""Add two numbers x and y
    >>> add(2, 3)
    5
    >>> add(5, 7)
    12
    """"""
","    return x+y


def subtract(x: int, y: int):
    """"""Subtract two numbers x and y
    >>> subtract(2, 3)
    -1
    >>> subtract(5, 7)
    -2
    """"""
    # Complete the function implementation. Return the required value.
    return x-y


def multiply(x: int, y: int):
    """"""Multiply two numbers x and y
    >>> multiply(2, 3)
    6
    >>> multiply","

def add(x: int, y: int):
    """"""Add two numbers x and y
    >>> add(2, 3)
    5
    >>> add(5, 7)
    12
    """"""
    return x+y
",True,True,none,,0.0571
HumanEval/54,deepseek_enhanced,same_chars,"

def same_chars(s0: str, s1: str):
    """"""
    Check if two words have the same characters.
    >>> same_chars('eabcdzzzz', 'dddzzzzzzzddeddabc')
    True
    >>> same_chars('abcd', 'dddddddabc')
    True
    >>> same_chars('dddddddabc', 'abcd')
    True
    >>> same_chars('eabcd', 'dddddddabc')
    False
    >>> same_chars('abcd', 'dddddddabce')
    False
    >>> same_chars('eabcdzzzz', 'dddzzzzzzzddddabc')
    False
    """"""
","    return False


def is_anagram(s0: str, s1: str):
    """"""
    Check if two words are anagrams.
    >>> is_anagram('eabcd', 'dddddddabc')
    True
    >>> is_anagram('abcd', 'dddddddabc')
    True
    >>> is_anagram('dddddddabc', 'abcd')
    True
    >>> is_anagram('eabcd', 'dddddddabce')
    False
    >>> is_","

def same_chars(s0: str, s1: str):
    """"""
    Check if two words have the same characters.
    >>> same_chars('eabcdzzzz', 'dddzzzzzzzddeddabc')
    True
    >>> same_chars('abcd', 'dddddddabc')
    True
    >>> same_chars('dddddddabc', 'abcd')
    True
    >>> same_chars('eabcd', 'dddddddabc')
    False
    >>> same_chars('abcd', 'dddddddabce')
    False
    >>> same_chars('eabcdzzzz', 'dddzzzzzzzddddabc')
    False
    """"""
    return False
",True,False,assertion_failed,"Traceback (most recent call last):
  File ""/tmp/tmpnzkiqk1m/candidate_eval.py"", line 36, in <module>
    check(same_chars)
  File ""/tmp/tmpnzkiqk1m/candidate_eval.py"", line 27, in check
    assert candidate('eabcdzzzz', 'dddzzzzzzzddeddabc') == True
           ^^^^^^^^^^^^^^^^^^^^^^^^^^^^^^^^^^^^^^^^^^^^^^^^^^^^
AssertionError",0.055
HumanEval/55,deepseek_enhanced,fib,"

def fib(n: int):
    """"""Return n-th Fibonacci number.
    >>> fib(10)
    55
    >>> fib(1)
    1
    >>> fib(8)
    21
    """"""
","    if n == 1:
        return 1
    elif n == 2:
        return 1
    else:
        return fib(n-1) + fib(n-2)


def fib_iter(n: int):
    """"""Return n-th Fibonacci number.
    >>> fib_iter(10)
    55
    >>> fib_iter(1)
    1
    >>> fib_iter(8)
    21
    """"""
    # Complete the function implementation. Return the required value.
    if n","

def fib(n: int):
    """"""Return n-th Fibonacci number.
    >>> fib(10)
    55
    >>> fib(1)
    1
    >>> fib(8)
    21
    """"""
    if n == 1:
        return 1
    elif n == 2:
        return 1
    else:
        return fib(n-1) + fib(n-2)
",True,True,none,,0.0555
HumanEval/56,deepseek_enhanced,correct_bracketing,"

def correct_bracketing(brackets: str):
    """""" brackets is a string of ""<"" and "">"".
    return True if every opening bracket has a corresponding closing bracket.

    >>> correct_bracketing(""<"")
    False
    >>> correct_bracketing(""<>"")
    True
    >>> correct_bracketing(""<<><>>"")
    True
    >>> correct_bracketing(""><<>"")
    False
    """"""
","    # Hint: Use a stack.
    # Hint: Use a dictionary.
    # Hint: Use a list.
    # Hint: Use a set.
    # Hint: Use a tuple.
    # Hint: Use a generator.
    # Hint: Use a generator expression.
    # Hint: Use a generator function.
    # Hint: Use a generator expression.
    # Hint: Use a generator function.
    # Hint: Use a generator expression.
    # Hint: Use a generator function.
    #","

def correct_bracketing(brackets: str):
    """""" brackets is a string of ""<"" and "">"".
    return True if every opening bracket has a corresponding closing bracket.

    >>> correct_bracketing(""<"")
    False
    >>> correct_bracketing(""<>"")
    True
    >>> correct_bracketing(""<<><>>"")
    True
    >>> correct_bracketing(""><<>"")
    False
    """"""
    # Hint: Use a stack.
    # Hint: Use a dictionary.
    # Hint: Use a list.
    # Hint: Use a set.
    # Hint: Use a tuple.
    # Hint: Use a generator.
    # Hint: Use a generator expression.
    # Hint: Use a generator function.
    # Hint: Use a generator expression.
    # Hint: Use a generator function.
    # Hint: Use a generator expression.
    # Hint: Use a generator function.
    #
",True,False,assertion_failed,"Traceback (most recent call last):
  File ""/tmp/tmp2x9bngnv/candidate_eval.py"", line 50, in <module>
    check(correct_bracketing)
  File ""/tmp/tmp2x9bngnv/candidate_eval.py"", line 36, in check
    assert candidate(""<>"")
           ^^^^^^^^^^^^^^^
AssertionError",0.0566
HumanEval/57,deepseek_enhanced,monotonic,"

def monotonic(l: list):
    """"""Return True is list elements are monotonically increasing or decreasing.
    >>> monotonic([1, 2, 4, 20])
    True
    >>> monotonic([1, 20, 4, 10])
    False
    >>> monotonic([4, 1, 0, -10])
    True
    """"""
","    return False


def is_increasing(l: list):
    """"""Return True if list elements are monotonically increasing.
    >>> is_increasing([1, 2, 4, 20])
    True
    >>> is_increasing([1, 20, 4, 10])
    False
    >>> is_increasing([4, 1, 0, -10])
    True
    """"""
    # Complete the function implementation. Return the required value.
    return False


def is_decre","

def monotonic(l: list):
    """"""Return True is list elements are monotonically increasing or decreasing.
    >>> monotonic([1, 2, 4, 20])
    True
    >>> monotonic([1, 20, 4, 10])
    False
    >>> monotonic([4, 1, 0, -10])
    True
    """"""
    return False
",True,False,assertion_failed,"Traceback (most recent call last):
  File ""/tmp/tmpciwa9orn/candidate_eval.py"", line 30, in <module>
    check(monotonic)
  File ""/tmp/tmpciwa9orn/candidate_eval.py"", line 20, in check
    assert candidate([1, 2, 4, 10]) == True
           ^^^^^^^^^^^^^^^^^^^^^^^^^^^^^^^^
AssertionError",0.0566
HumanEval/58,deepseek_enhanced,common,"

def common(l1: list, l2: list):
    """"""Return sorted unique common elements for two lists.
    >>> common([1, 4, 3, 34, 653, 2, 5], [5, 7, 1, 5, 9, 653, 121])
    [1, 5, 653]
    >>> common([5, 3, 2, 8], [3, 2])
    [2, 3]

    """"""
","    return []


def main():
    """"""Main function.""""""
    print(common([1, 4, 3, 34, 653, 2, 5], [5, 7, 1, 5, 9, 653, 121]))
    print(common([5, 3, 2, 8], [3, 2]))


if __name__ == ""__main__"":
    main()","

def common(l1: list, l2: list):
    """"""Return sorted unique common elements for two lists.
    >>> common([1, 4, 3, 34, 653, 2, 5], [5, 7, 1, 5, 9, 653, 121])
    [1, 5, 653]
    >>> common([5, 3, 2, 8], [3, 2])
    [2, 3]

    """"""
    return []
",True,False,assertion_failed,"Traceback (most recent call last):
  File ""/tmp/tmppsf3sif5/candidate_eval.py"", line 25, in <module>
    check(common)
  File ""/tmp/tmppsf3sif5/candidate_eval.py"", line 19, in check
    assert candidate([1, 4, 3, 34, 653, 2, 5], [5, 7, 1, 5, 9, 653, 121]) == [1, 5, 653]
           ^^^^^^^^^^^^^^^^^^^^^^^^^^^^^^^^^^^^^^^^^^^^^^^^^^^^^^^^^^^^^^^^^^^^^^^^^^^^^
AssertionError",0.0572
HumanEval/59,deepseek_enhanced,largest_prime_factor,"

def largest_prime_factor(n: int):
    """"""Return the largest prime factor of n. Assume n > 1 and is not a prime.
    >>> largest_prime_factor(13195)
    29
    >>> largest_prime_factor(2048)
    2
    """"""
","    # Hint: You can use the function is_prime to check if a number is prime.
    # Hint: You can use the function factor to find the prime factors of a number.
    # Hint: You can use the function is_factor to check if a number is a factor of another number.
    # Hint: You can use the function gcd to find the greatest common divisor of two numbers.
    # Hint: You can use the function lcm to find the least common multiple of two numbers.
    # Hint: You can use the function sqrt","

def largest_prime_factor(n: int):
    """"""Return the largest prime factor of n. Assume n > 1 and is not a prime.
    >>> largest_prime_factor(13195)
    29
    >>> largest_prime_factor(2048)
    2
    """"""
    # Hint: You can use the function is_prime to check if a number is prime.
    # Hint: You can use the function factor to find the prime factors of a number.
    # Hint: You can use the function is_factor to check if a number is a factor of another number.
    # Hint: You can use the function gcd to find the greatest common divisor of two numbers.
    # Hint: You can use the function lcm to find the least common multiple of two numbers.
    # Hint: You can use the function sqrt
",True,False,assertion_failed,"Traceback (most recent call last):
  File ""/tmp/tmp0fq2aowc/candidate_eval.py"", line 30, in <module>
    check(largest_prime_factor)
  File ""/tmp/tmp0fq2aowc/candidate_eval.py"", line 23, in check
    assert candidate(15) == 5
           ^^^^^^^^^^^^^^^^^^
AssertionError",0.0587
HumanEval/60,deepseek_enhanced,sum_to_n,"

def sum_to_n(n: int):
    """"""sum_to_n is a function that sums numbers from 1 to n.
    >>> sum_to_n(30)
    465
    >>> sum_to_n(100)
    5050
    >>> sum_to_n(5)
    15
    >>> sum_to_n(10)
    55
    >>> sum_to_n(1)
    1
    """"""
","    return 0


def sum_to_n_2(n: int):
    """"""sum_to_n_2 is a function that sums numbers from 1 to n.
    >>> sum_to_n_2(30)
    465
    >>> sum_to_n_2(100)
    5050
    >>> sum_to_n_2(5)
    15
    >>> sum_to_n_2(10)
    55
    >>> sum_to_n_2(","

def sum_to_n(n: int):
    """"""sum_to_n is a function that sums numbers from 1 to n.
    >>> sum_to_n(30)
    465
    >>> sum_to_n(100)
    5050
    >>> sum_to_n(5)
    15
    >>> sum_to_n(10)
    55
    >>> sum_to_n(1)
    1
    """"""
    return 0
",True,False,assertion_failed,"Traceback (most recent call last):
  File ""/tmp/tmpojjgchww/candidate_eval.py"", line 31, in <module>
    check(sum_to_n)
  File ""/tmp/tmpojjgchww/candidate_eval.py"", line 24, in check
    assert candidate(1) == 1
           ^^^^^^^^^^^^^^^^^
AssertionError",0.0553
HumanEval/61,deepseek_enhanced,correct_bracketing,"

def correct_bracketing(brackets: str):
    """""" brackets is a string of ""("" and "")"".
    return True if every opening bracket has a corresponding closing bracket.

    >>> correct_bracketing(""("")
    False
    >>> correct_bracketing(""()"")
    True
    >>> correct_bracketing(""(()())"")
    True
    >>> correct_bracketing("")(()"")
    False
    """"""
","    # Hint: Use a stack.
    # Hint: Use a dictionary.
    # Hint: Use a list.
    # Hint: Use a set.
    # Hint: Use a tuple.
    # Hint: Use a generator.
    # Hint: Use a generator expression.
    # Hint: Use a generator function.
    # Hint: Use a generator expression.
    # Hint: Use a generator function.
    # Hint: Use a generator expression.
    # Hint: Use a generator function.
    #","

def correct_bracketing(brackets: str):
    """""" brackets is a string of ""("" and "")"".
    return True if every opening bracket has a corresponding closing bracket.

    >>> correct_bracketing(""("")
    False
    >>> correct_bracketing(""()"")
    True
    >>> correct_bracketing(""(()())"")
    True
    >>> correct_bracketing("")(()"")
    False
    """"""
    # Hint: Use a stack.
    # Hint: Use a dictionary.
    # Hint: Use a list.
    # Hint: Use a set.
    # Hint: Use a tuple.
    # Hint: Use a generator.
    # Hint: Use a generator expression.
    # Hint: Use a generator function.
    # Hint: Use a generator expression.
    # Hint: Use a generator function.
    # Hint: Use a generator expression.
    # Hint: Use a generator function.
    #
",True,False,assertion_failed,"Traceback (most recent call last):
  File ""/tmp/tmpbrb2ydfk/candidate_eval.py"", line 50, in <module>
    check(correct_bracketing)
  File ""/tmp/tmpbrb2ydfk/candidate_eval.py"", line 36, in check
    assert candidate(""()"")
           ^^^^^^^^^^^^^^^
AssertionError",0.0561
HumanEval/62,deepseek_enhanced,derivative,"

def derivative(xs: list):
    """""" xs represent coefficients of a polynomial.
    xs[0] + xs[1] * x + xs[2] * x^2 + ....
     Return derivative of this polynomial in the same form.
    >>> derivative([3, 1, 2, 4, 5])
    [1, 4, 12, 20]
    >>> derivative([1, 2, 3])
    [2, 6]
    """"""
","    # Your code here
    return [xs[i] * i for i in range(1, len(xs))]


def integrate(xs: list):
    """""" xs represent coefficients of a polynomial.
    xs[0] + xs[1] * x + xs[2] * x^2 + ....
     Return integral of this polynomial in the same form.
    >>> integrate([3, 1, 2, 4, 5])
    [3, 5, 7, 9, 11]
    >>> integrate","

def derivative(xs: list):
    """""" xs represent coefficients of a polynomial.
    xs[0] + xs[1] * x + xs[2] * x^2 + ....
     Return derivative of this polynomial in the same form.
    >>> derivative([3, 1, 2, 4, 5])
    [1, 4, 12, 20]
    >>> derivative([1, 2, 3])
    [2, 6]
    """"""
    # Your code here
    return [xs[i] * i for i in range(1, len(xs))]
",True,True,none,,0.0555
HumanEval/63,deepseek_enhanced,fibfib,"

def fibfib(n: int):
    """"""The FibFib number sequence is a sequence similar to the Fibbonacci sequnece that's defined as follows:
    fibfib(0) == 0
    fibfib(1) == 0
    fibfib(2) == 1
    fibfib(n) == fibfib(n-1) + fibfib(n-2) + fibfib(n-3).
    Please write a function to efficiently compute the n-th element of the fibfib number sequence.
    >>> fibfib(1)
    0
    >>> fibfib(5)
    4
    >>> fibfib(8)
    24
    """"""
","    if n == 0:
        return 0
    elif n == 1:
        return 0
    elif n == 2:
        return 1
    else:
        return fibfib(n-1) + fibfib(n-2) + fibfib(n-3)


def fibfib_memo(n: int):
    """"""The FibFib number sequence is a sequence similar to the Fibbonacci sequnece that's defined as follows:
    fibfib(0) == 0
    fib","

def fibfib(n: int):
    """"""The FibFib number sequence is a sequence similar to the Fibbonacci sequnece that's defined as follows:
    fibfib(0) == 0
    fibfib(1) == 0
    fibfib(2) == 1
    fibfib(n) == fibfib(n-1) + fibfib(n-2) + fibfib(n-3).
    Please write a function to efficiently compute the n-th element of the fibfib number sequence.
    >>> fibfib(1)
    0
    >>> fibfib(5)
    4
    >>> fibfib(8)
    24
    """"""
    if n == 0:
        return 0
    elif n == 1:
        return 0
    elif n == 2:
        return 1
    else:
        return fibfib(n-1) + fibfib(n-2) + fibfib(n-3)
",True,True,none,,0.0545
HumanEval/64,deepseek_enhanced,vowels_count,"
FIX = """"""
Add more test cases.
""""""

def vowels_count(s):
    """"""Write a function vowels_count which takes a string representing
    a word as input and returns the number of vowels in the string.
    Vowels in this case are 'a', 'e', 'i', 'o', 'u'. Here, 'y' is also a
    vowel, but only when it is at the end of the given word.

    Example:
    >>> vowels_count(""abcde"")
    2
    >>> vowels_count(""ACEDY"")
    3
    """"""
","    return 0


def test_vowels_count():
    """"""Test vowels_count function.""""""
    assert vowels_count(""abcde"") == 2
    assert vowels_count(""ACEDY"") == 3


if __name__ == ""__main__"":
    test_vowels_count()
    print(""All tests passed."")","
FIX = """"""
Add more test cases.
""""""

def vowels_count(s):
    """"""Write a function vowels_count which takes a string representing
    a word as input and returns the number of vowels in the string.
    Vowels in this case are 'a', 'e', 'i', 'o', 'u'. Here, 'y' is also a
    vowel, but only when it is at the end of the given word.

    Example:
    >>> vowels_count(""abcde"")
    2
    >>> vowels_count(""ACEDY"")
    3
    """"""
    return 0
",True,False,assertion_failed,"Traceback (most recent call last):
  File ""/tmp/tmp4wvcg40m/candidate_eval.py"", line 35, in <module>
    check(vowels_count)
  File ""/tmp/tmp4wvcg40m/candidate_eval.py"", line 23, in check
    assert candidate(""abcde"") == 2, ""Test 1""
           ^^^^^^^^^^^^^^^^^^^^^^^
AssertionError: Test 1",0.0817
HumanEval/65,deepseek_enhanced,circular_shift,"
def circular_shift(x, shift):
    """"""Circular shift the digits of the integer x, shift the digits right by shift
    and return the result as a string.
    If shift > number of digits, return digits reversed.
    >>> circular_shift(12, 1)
    ""21""
    >>> circular_shift(12, 2)
    ""12""
    """"""
","    return """"


def circular_shift_recursive(x, shift):
    """"""Circular shift the digits of the integer x, shift the digits right by shift
    and return the result as a string.
    If shift > number of digits, return digits reversed.
    >>> circular_shift_recursive(12, 1)
    ""21""
    >>> circular_shift_recursive(12, 2)
    ""12""
    """"""
    # Complete the function implementation. Return the required value.","
def circular_shift(x, shift):
    """"""Circular shift the digits of the integer x, shift the digits right by shift
    and return the result as a string.
    If shift > number of digits, return digits reversed.
    >>> circular_shift(12, 1)
    ""21""
    >>> circular_shift(12, 2)
    ""12""
    """"""
    return """"
",True,False,assertion_failed,"Traceback (most recent call last):
  File ""/tmp/tmpugggkz8q/candidate_eval.py"", line 25, in <module>
    check(circular_shift)
  File ""/tmp/tmpugggkz8q/candidate_eval.py"", line 16, in check
    assert candidate(100, 2) == ""001""
           ^^^^^^^^^^^^^^^^^^^^^^^^^^
AssertionError",0.0554
HumanEval/66,deepseek_enhanced,digitSum,"
def digitSum(s):
    """"""Task
    Write a function that takes a string as input and returns the sum of the upper characters only'
    ASCII codes.

    Examples:
        digitSum("""") => 0
        digitSum(""abAB"") => 131
        digitSum(""abcCd"") => 67
        digitSum(""helloE"") => 69
        digitSum(""woArBld"") => 131
        digitSum(""aAaaaXa"") => 153
    """"""
","    return sum(ord(c) for c in s if c.isupper())


# Test Cases
print(digitSum(""""))
print(digitSum(""abAB""))
print(digitSum(""abcCd""))
print(digitSum(""helloE""))
print(digitSum(""woArBld""))
print(digitSum(""aAaaaXa""))","
def digitSum(s):
    """"""Task
    Write a function that takes a string as input and returns the sum of the upper characters only'
    ASCII codes.

    Examples:
        digitSum("""") => 0
        digitSum(""abAB"") => 131
        digitSum(""abcCd"") => 67
        digitSum(""helloE"") => 69
        digitSum(""woArBld"") => 131
        digitSum(""aAaaaXa"") => 153
    """"""
    return sum(ord(c) for c in s if c.isupper())


    # Test Cases
    print(digitSum(""""))
    print(digitSum(""abAB""))
    print(digitSum(""abcCd""))
    print(digitSum(""helloE""))
    print(digitSum(""woArBld""))
    print(digitSum(""aAaaaXa""))
",True,True,none,,0.056
HumanEval/67,deepseek_enhanced,fruit_distribution,"
def fruit_distribution(s,n):
    """"""
    In this task, you will be given a string that represents a number of apples and oranges 
    that are distributed in a basket of fruit this basket contains 
    apples, oranges, and mango fruits. Given the string that represents the total number of 
    the oranges and apples and an integer that represent the total number of the fruits 
    in the basket return the number of the mango fruits in the basket.
    for examble:
    fruit_distribution(""5 apples and 6 oranges"", 19) ->19 - 5 - 6 = 8
    fruit_distribution(""0 apples and 1 oranges"",3) -> 3 - 0 - 1 = 2
    fruit_distribution(""2 apples and 3 oranges"", 100) -> 100 - 2 - 3 = 95
    fruit_distribution(""100 apples and 1 oranges"",120) -> 120 - 100 - 1 = 19
    """"""
","    return 0


# Test Cases
print(fruit_distribution(""5 apples and 6 oranges"", 19))
print(fruit_distribution(""0 apples and 1 oranges"",3))
print(fruit_distribution(""2 apples and 3 oranges"", 100))
print(fruit_distribution(""100 apples and 1 oranges"",120))","
def fruit_distribution(s,n):
    """"""
    In this task, you will be given a string that represents a number of apples and oranges 
    that are distributed in a basket of fruit this basket contains 
    apples, oranges, and mango fruits. Given the string that represents the total number of 
    the oranges and apples and an integer that represent the total number of the fruits 
    in the basket return the number of the mango fruits in the basket.
    for examble:
    fruit_distribution(""5 apples and 6 oranges"", 19) ->19 - 5 - 6 = 8
    fruit_distribution(""0 apples and 1 oranges"",3) -> 3 - 0 - 1 = 2
    fruit_distribution(""2 apples and 3 oranges"", 100) -> 100 - 2 - 3 = 95
    fruit_distribution(""100 apples and 1 oranges"",120) -> 120 - 100 - 1 = 19
    """"""
    return 0


    # Test Cases
    print(fruit_distribution(""5 apples and 6 oranges"", 19))
    print(fruit_distribution(""0 apples and 1 oranges"",3))
    print(fruit_distribution(""2 apples and 3 oranges"", 100))
    print(fruit_distribution(""100 apples and 1 oranges"",120))
",True,False,assertion_failed,"Traceback (most recent call last):
  File ""/tmp/tmpoauq97o7/candidate_eval.py"", line 35, in <module>
    check(fruit_distribution)
  File ""/tmp/tmpoauq97o7/candidate_eval.py"", line 27, in check
    assert candidate(""5 apples and 6 oranges"",19) == 8
           ^^^^^^^^^^^^^^^^^^^^^^^^^^^^^^^^^^^^^^^^^^^
AssertionError",0.0562
HumanEval/68,deepseek_enhanced,pluck,"
def pluck(arr):
    """"""
    ""Given an array representing a branch of a tree that has non-negative integer nodes
    your task is to pluck one of the nodes and return it.
    The plucked node should be the node with the smallest even value.
    If multiple nodes with the same smallest even value are found return the node that has smallest index.

    The plucked node should be returned in a list, [ smalest_value, its index ],
    If there are no even values or the given array is empty, return [].

    Example 1:
        Input: [4,2,3]
        Output: [2, 1]
        Explanation: 2 has the smallest even value, and 2 has the smallest index.

    Example 2:
        Input: [1,2,3]
        Output: [2, 1]
        Explanation: 2 has the smallest even value, and 2 has the smallest index. 

    Example 3:
        Input: []
        Output: []
    
    Example 4:
        Input: [5, 0, 3, 0, 4, 2]
        Output: [0, 1]
        Explanation: 0 is the smallest value, but  there are two zeros,
                     so we will choose the first zero, which has the smallest index.

    Constraints:
        * 1 <= nodes.length <= 10000
        * 0 <= node.value
    """"""
","    return []


# Test Cases
print(pluck([4, 2, 3]))
print(pluck([1, 2, 3]))
print(pluck([]))
print(pluck([5, 0, 3, 0, 4, 2]))","
def pluck(arr):
    """"""
    ""Given an array representing a branch of a tree that has non-negative integer nodes
    your task is to pluck one of the nodes and return it.
    The plucked node should be the node with the smallest even value.
    If multiple nodes with the same smallest even value are found return the node that has smallest index.

    The plucked node should be returned in a list, [ smalest_value, its index ],
    If there are no even values or the given array is empty, return [].

    Example 1:
        Input: [4,2,3]
        Output: [2, 1]
        Explanation: 2 has the smallest even value, and 2 has the smallest index.

    Example 2:
        Input: [1,2,3]
        Output: [2, 1]
        Explanation: 2 has the smallest even value, and 2 has the smallest index. 

    Example 3:
        Input: []
        Output: []
    
    Example 4:
        Input: [5, 0, 3, 0, 4, 2]
        Output: [0, 1]
        Explanation: 0 is the smallest value, but  there are two zeros,
                     so we will choose the first zero, which has the smallest index.

    Constraints:
        * 1 <= nodes.length <= 10000
        * 0 <= node.value
    """"""
    return []


    # Test Cases
    print(pluck([4, 2, 3]))
    print(pluck([1, 2, 3]))
    print(pluck([]))
    print(pluck([5, 0, 3, 0, 4, 2]))
",True,False,assertion_failed,"Traceback (most recent call last):
  File ""/tmp/tmpqq9pfwvi/candidate_eval.py"", line 62, in <module>
    check(pluck)
  File ""/tmp/tmpqq9pfwvi/candidate_eval.py"", line 49, in check
    assert candidate([4,2,3]) == [2, 1], ""Error""
           ^^^^^^^^^^^^^^^^^^^^^^^^^^^^
AssertionError: Error",0.0542
HumanEval/69,deepseek_enhanced,search,"
def search(lst):
    '''
    You are given a non-empty list of positive integers. Return the greatest integer that is greater than 
    zero, and has a frequency greater than or equal to the value of the integer itself. 
    The frequency of an integer is the number of times it appears in the list.
    If no such a value exist, return -1.
    Examples:
        search([4, 1, 2, 2, 3, 1]) == 2
        search([1, 2, 2, 3, 3, 3, 4, 4, 4]) == 3
        search([5, 5, 4, 4, 4]) == -1
    '''
","    return -1


# Test Cases
print(search([4, 1, 2, 2, 3, 1]) == 2)
print(search([1, 2, 2, 3, 3, 3, 4, 4, 4]) == 3)
print(search([5, 5, 4, 4, 4]) == -1)","
def search(lst):
    '''
    You are given a non-empty list of positive integers. Return the greatest integer that is greater than 
    zero, and has a frequency greater than or equal to the value of the integer itself. 
    The frequency of an integer is the number of times it appears in the list.
    If no such a value exist, return -1.
    Examples:
        search([4, 1, 2, 2, 3, 1]) == 2
        search([1, 2, 2, 3, 3, 3, 4, 4, 4]) == 3
        search([5, 5, 4, 4, 4]) == -1
    '''
    return -1


    # Test Cases
    print(search([4, 1, 2, 2, 3, 1]) == 2)
    print(search([1, 2, 2, 3, 3, 3, 4, 4, 4]) == 3)
    print(search([5, 5, 4, 4, 4]) == -1)
",True,False,assertion_failed,"Traceback (most recent call last):
  File ""/tmp/tmpi18pcoaz/candidate_eval.py"", line 53, in <module>
    check(search)
  File ""/tmp/tmpi18pcoaz/candidate_eval.py"", line 24, in check
    assert candidate([5, 5, 5, 5, 1]) == 1
           ^^^^^^^^^^^^^^^^^^^^^^^^^^^^^^^
AssertionError",0.0588
HumanEval/70,deepseek_enhanced,strange_sort_list,"
def strange_sort_list(lst):
    '''
    Given list of integers, return list in strange order.
    Strange sorting, is when you start with the minimum value,
    then maximum of the remaining integers, then minimum and so on.

    Examples:
    strange_sort_list([1, 2, 3, 4]) == [1, 4, 2, 3]
    strange_sort_list([5, 5, 5, 5]) == [5, 5, 5, 5]
    strange_sort_list([]) == []
    '''
","    return lst


# Test Cases
print(strange_sort_list([1, 2, 3, 4]))
print(strange_sort_list([5, 5, 5, 5]))
print(strange_sort_list([]))","
def strange_sort_list(lst):
    '''
    Given list of integers, return list in strange order.
    Strange sorting, is when you start with the minimum value,
    then maximum of the remaining integers, then minimum and so on.

    Examples:
    strange_sort_list([1, 2, 3, 4]) == [1, 4, 2, 3]
    strange_sort_list([5, 5, 5, 5]) == [5, 5, 5, 5]
    strange_sort_list([]) == []
    '''
    return lst


    # Test Cases
    print(strange_sort_list([1, 2, 3, 4]))
    print(strange_sort_list([5, 5, 5, 5]))
    print(strange_sort_list([]))
",True,False,assertion_failed,"Traceback (most recent call last):
  File ""/tmp/tmpn5m2o56z/candidate_eval.py"", line 38, in <module>
    check(strange_sort_list)
  File ""/tmp/tmpn5m2o56z/candidate_eval.py"", line 24, in check
    assert candidate([1, 2, 3, 4]) == [1, 4, 2, 3]
           ^^^^^^^^^^^^^^^^^^^^^^^^^^^^^^^^^^^^^^^
AssertionError",0.0586
HumanEval/71,deepseek_enhanced,triangle_area,"
def triangle_area(a, b, c):
    '''
    Given the lengths of the three sides of a triangle. Return the area of
    the triangle rounded to 2 decimal points if the three sides form a valid triangle. 
    Otherwise return -1
    Three sides make a valid triangle when the sum of any two sides is greater 
    than the third side.
    Example:
    triangle_area(3, 4, 5) == 6.00
    triangle_area(1, 2, 10) == -1
    '''
","    if a + b > c and a + c > b and b + c > a:
        return round((a + b + c) / 2 * (a + b - c) * (a + c - b) * (b + c - a), 2)
    else:
        return -1


# Test cases
print(triangle_area(3, 4, 5))
print(triangle_area(1, 2, 10))
print(triangle_area(1, 2, 3))
print(triangle_area","
def triangle_area(a, b, c):
    '''
    Given the lengths of the three sides of a triangle. Return the area of
    the triangle rounded to 2 decimal points if the three sides form a valid triangle. 
    Otherwise return -1
    Three sides make a valid triangle when the sum of any two sides is greater 
    than the third side.
    Example:
    triangle_area(3, 4, 5) == 6.00
    triangle_area(1, 2, 10) == -1
    '''
    if a + b > c and a + c > b and b + c > a:
        return round((a + b + c) / 2 * (a + b - c) * (a + c - b) * (b + c - a), 2)
    else:
        return -1


    # Test cases
    print(triangle_area(3, 4, 5))
    print(triangle_area(1, 2, 10))
    print(triangle_area(1, 2, 3))
    print(triangle_area
",False,False,syntax_error,"SyntaxError: '(' was never closed (<unknown>, line 23)",0.0003
HumanEval/72,deepseek_enhanced,will_it_fly,"
def will_it_fly(q,w):
    '''
    Write a function that returns True if the object q will fly, and False otherwise.
    The object q will fly if it's balanced (it is a palindromic list) and the sum of its elements is less than or equal the maximum possible weight w.

    Example:
    will_it_fly([1, 2], 5) ➞ False 
    # 1+2 is less than the maximum possible weight, but it's unbalanced.

    will_it_fly([3, 2, 3], 1) ➞ False
    # it's balanced, but 3+2+3 is more than the maximum possible weight.

    will_it_fly([3, 2, 3], 9) ➞ True
    # 3+2+3 is less than the maximum possible weight, and it's balanced.

    will_it_fly([3], 5) ➞ True
    # 3 is less than the maximum possible weight, and it's balanced.
    '''
","    return False

# Test Cases
print(will_it_fly([1, 2], 5))
print(will_it_fly([3, 2, 3], 1))
print(will_it_fly([3, 2, 3], 9))
print(will_it_fly([3], 5))","
def will_it_fly(q,w):
    '''
    Write a function that returns True if the object q will fly, and False otherwise.
    The object q will fly if it's balanced (it is a palindromic list) and the sum of its elements is less than or equal the maximum possible weight w.

    Example:
    will_it_fly([1, 2], 5) ➞ False 
    # 1+2 is less than the maximum possible weight, but it's unbalanced.

    will_it_fly([3, 2, 3], 1) ➞ False
    # it's balanced, but 3+2+3 is more than the maximum possible weight.

    will_it_fly([3, 2, 3], 9) ➞ True
    # 3+2+3 is less than the maximum possible weight, and it's balanced.

    will_it_fly([3], 5) ➞ True
    # 3 is less than the maximum possible weight, and it's balanced.
    '''
    return False

    # Test Cases
    print(will_it_fly([1, 2], 5))
    print(will_it_fly([3, 2, 3], 1))
    print(will_it_fly([3, 2, 3], 9))
    print(will_it_fly([3], 5))
",True,False,assertion_failed,"Traceback (most recent call last):
  File ""/tmp/tmpq7jnbrf_/candidate_eval.py"", line 42, in <module>
    check(will_it_fly)
  File ""/tmp/tmpq7jnbrf_/candidate_eval.py"", line 31, in check
    assert candidate([3, 2, 3], 9) is True
           ^^^^^^^^^^^^^^^^^^^^^^^^^^^^^^^
AssertionError",0.0862
HumanEval/73,deepseek_enhanced,smallest_change,"
def smallest_change(arr):
    """"""
    Given an array arr of integers, find the minimum number of elements that
    need to be changed to make the array palindromic. A palindromic array is an array that
    is read the same backwards and forwards. In one change, you can change one element to any other element.

    For example:
    smallest_change([1,2,3,5,4,7,9,6]) == 4
    smallest_change([1, 2, 3, 4, 3, 2, 2]) == 1
    smallest_change([1, 2, 3, 2, 1]) == 0
    """"""
","    pass


if __name__ == ""__main__"":
    # Test cases
    print(smallest_change([1, 2, 3, 5, 4, 7, 9, 6]))
    print(smallest_change([1, 2, 3, 4, 3, 2, 2]))
    print(smallest_change([1, 2, 3, 2, 1]))","
def smallest_change(arr):
    """"""
    Given an array arr of integers, find the minimum number of elements that
    need to be changed to make the array palindromic. A palindromic array is an array that
    is read the same backwards and forwards. In one change, you can change one element to any other element.

    For example:
    smallest_change([1,2,3,5,4,7,9,6]) == 4
    smallest_change([1, 2, 3, 4, 3, 2, 2]) == 1
    smallest_change([1, 2, 3, 2, 1]) == 0
    """"""
    pass
",True,False,assertion_failed,"Traceback (most recent call last):
  File ""/tmp/tmpqx_31s7c/candidate_eval.py"", line 30, in <module>
    check(smallest_change)
  File ""/tmp/tmpqx_31s7c/candidate_eval.py"", line 18, in check
    assert candidate([1,2,3,5,4,7,9,6]) == 4
           ^^^^^^^^^^^^^^^^^^^^^^^^^^^^^^^^^
AssertionError",0.0597
HumanEval/74,deepseek_enhanced,total_match,"
def total_match(lst1, lst2):
    '''
    Write a function that accepts two lists of strings and returns the list that has 
    total number of chars in the all strings of the list less than the other list.

    if the two lists have the same number of chars, return the first list.

    Examples
    total_match([], []) ➞ []
    total_match(['hi', 'admin'], ['hI', 'Hi']) ➞ ['hI', 'Hi']
    total_match(['hi', 'admin'], ['hi', 'hi', 'admin', 'project']) ➞ ['hi', 'admin']
    total_match(['hi', 'admin'], ['hI', 'hi', 'hi']) ➞ ['hI', 'hi', 'hi']
    total_match(['4'], ['1', '2', '3', '4', '5']) ➞ ['4']
    '''
","    if len(lst1) > len(lst2):
        return lst1
    elif len(lst1) < len(lst2):
        return lst2
    else:
        return lst1


# Test Cases
print(total_match([], []))
print(total_match(['hi', 'admin'], ['hI', 'Hi']))
print(total_match(['hi', 'admin'], ['hi', 'hi', 'admin', 'project']))
print(total_match(['hi', 'admin'], ['","
def total_match(lst1, lst2):
    '''
    Write a function that accepts two lists of strings and returns the list that has 
    total number of chars in the all strings of the list less than the other list.

    if the two lists have the same number of chars, return the first list.

    Examples
    total_match([], []) ➞ []
    total_match(['hi', 'admin'], ['hI', 'Hi']) ➞ ['hI', 'Hi']
    total_match(['hi', 'admin'], ['hi', 'hi', 'admin', 'project']) ➞ ['hi', 'admin']
    total_match(['hi', 'admin'], ['hI', 'hi', 'hi']) ➞ ['hI', 'hi', 'hi']
    total_match(['4'], ['1', '2', '3', '4', '5']) ➞ ['4']
    '''
    if len(lst1) > len(lst2):
        return lst1
    elif len(lst1) < len(lst2):
        return lst2
    else:
        return lst1


    # Test Cases
    print(total_match([], []))
    print(total_match(['hi', 'admin'], ['hI', 'Hi']))
    print(total_match(['hi', 'admin'], ['hi', 'hi', 'admin', 'project']))
    print(total_match(['hi', 'admin'], ['
",False,False,syntax_error,"SyntaxError: unterminated string literal (detected at line 28) (<unknown>, line 28)",0.0003
HumanEval/75,deepseek_enhanced,is_multiply_prime,"
def is_multiply_prime(a):
    """"""Write a function that returns true if the given number is the multiplication of 3 prime numbers
    and false otherwise.
    Knowing that (a) is less then 100. 
    Example:
    is_multiply_prime(30) == True
    30 = 2 * 3 * 5
    """"""
","    return False


def is_multiply_prime_2(a):
    """"""Write a function that returns true if the given number is the multiplication of 3 prime numbers
    and false otherwise.
    Knowing that (a) is less then 100. 
    Example:
    is_multiply_prime(30) == True
    30 = 2 * 3 * 5
    """"""
    # Complete the function implementation. Return the required value.
    return False


def is_multiply_prime_3(","
def is_multiply_prime(a):
    """"""Write a function that returns true if the given number is the multiplication of 3 prime numbers
    and false otherwise.
    Knowing that (a) is less then 100. 
    Example:
    is_multiply_prime(30) == True
    30 = 2 * 3 * 5
    """"""
    return False
",True,False,assertion_failed,"Traceback (most recent call last):
  File ""/tmp/tmp_pfu2r27/candidate_eval.py"", line 26, in <module>
    check(is_multiply_prime)
  File ""/tmp/tmp_pfu2r27/candidate_eval.py"", line 15, in check
    assert candidate(30) == True
           ^^^^^^^^^^^^^^^^^^^^^
AssertionError",0.0771
HumanEval/76,deepseek_enhanced,is_simple_power,"
def is_simple_power(x, n):
    """"""Your task is to write a function that returns true if a number x is a simple
    power of n and false in other cases.
    x is a simple power of n if n**int=x
    For example:
    is_simple_power(1, 4) => true
    is_simple_power(2, 2) => true
    is_simple_power(8, 2) => true
    is_simple_power(3, 2) => false
    is_simple_power(3, 1) => false
    is_simple_power(5, 3) => false
    """"""
","    return False


# Test cases
print(is_simple_power(1, 4))
print(is_simple_power(2, 2))
print(is_simple_power(8, 2))
print(is_simple_power(3, 2))
print(is_simple_power(3, 1))
print(is_simple_power(5, 3))","
def is_simple_power(x, n):
    """"""Your task is to write a function that returns true if a number x is a simple
    power of n and false in other cases.
    x is a simple power of n if n**int=x
    For example:
    is_simple_power(1, 4) => true
    is_simple_power(2, 2) => true
    is_simple_power(8, 2) => true
    is_simple_power(3, 2) => false
    is_simple_power(3, 1) => false
    is_simple_power(5, 3) => false
    """"""
    return False


    # Test cases
    print(is_simple_power(1, 4))
    print(is_simple_power(2, 2))
    print(is_simple_power(8, 2))
    print(is_simple_power(3, 2))
    print(is_simple_power(3, 1))
    print(is_simple_power(5, 3))
",True,False,assertion_failed,"Traceback (most recent call last):
  File ""/tmp/tmpn7b2im4j/candidate_eval.py"", line 42, in <module>
    check(is_simple_power)
  File ""/tmp/tmpn7b2im4j/candidate_eval.py"", line 28, in check
    assert candidate(16, 2)== True, ""This prints if this assert fails 1 (good for debugging!)""
           ^^^^^^^^^^^^^^^^^^^^^^^
AssertionError: This prints if this assert fails 1 (good for debugging!)",0.0557
HumanEval/77,deepseek_enhanced,iscube,"
def iscube(a):
    '''
    Write a function that takes an integer a and returns True 
    if this ingeger is a cube of some integer number.
    Note: you may assume the input is always valid.
    Examples:
    iscube(1) ==> True
    iscube(2) ==> False
    iscube(-1) ==> True
    iscube(64) ==> True
    iscube(0) ==> True
    iscube(180) ==> False
    '''
","    return False


def iscube(a):
    '''
    Write a function that takes an integer a and returns True 
    if this ingeger is a cube of some integer number.
    Note: you may assume the input is always valid.
    Examples:
    iscube(1) ==> True
    iscube(2) ==> False
    iscube(-1) ==> True
    iscube(64) ==> True
    iscube(0) ==> True
    iscube(180)","
def iscube(a):
    '''
    Write a function that takes an integer a and returns True 
    if this ingeger is a cube of some integer number.
    Note: you may assume the input is always valid.
    Examples:
    iscube(1) ==> True
    iscube(2) ==> False
    iscube(-1) ==> True
    iscube(64) ==> True
    iscube(0) ==> True
    iscube(180) ==> False
    '''
    return False
",True,False,assertion_failed,"Traceback (most recent call last):
  File ""/tmp/tmpod50qewq/candidate_eval.py"", line 33, in <module>
    check(iscube)
  File ""/tmp/tmpod50qewq/candidate_eval.py"", line 20, in check
    assert candidate(1) == True, ""First test error: "" + str(candidate(1))
           ^^^^^^^^^^^^^^^^^^^^
AssertionError: First test error: False",0.059
HumanEval/78,deepseek_enhanced,hex_key,"
def hex_key(num):
    """"""You have been tasked to write a function that receives 
    a hexadecimal number as a string and counts the number of hexadecimal 
    digits that are primes (prime number, or a prime, is a natural number 
    greater than 1 that is not a product of two smaller natural numbers).
    Hexadecimal digits are 0, 1, 2, 3, 4, 5, 6, 7, 8, 9, A, B, C, D, E, F.
    Prime numbers are 2, 3, 5, 7, 11, 13, 17,...
    So you have to determine a number of the following digits: 2, 3, 5, 7, 
    B (=decimal 11), D (=decimal 13).
    Note: you may assume the input is always correct or empty string, 
    and symbols A,B,C,D,E,F are always uppercase.
    Examples:
    For num = ""AB"" the output should be 1.
    For num = ""1077E"" the output should be 2.
    For num = ""ABED1A33"" the output should be 4.
    For num = ""123456789ABCDEF0"" the output should be 6.
    For num = ""2020"" the output should be 2.
    """"""
","    return 0


def hex_key(num):
    """"""You have been tasked to write a function that receives 
    a hexadecimal number as a string and counts the number of hexadecimal 
    digits that are primes (prime number, or a prime, is a natural number 
    greater than 1 that is not a product of two smaller natural numbers).
    Hexadecimal digits are 0, 1, 2, 3, 4, 5, 6, 7, 8, 9,","
def hex_key(num):
    """"""You have been tasked to write a function that receives 
    a hexadecimal number as a string and counts the number of hexadecimal 
    digits that are primes (prime number, or a prime, is a natural number 
    greater than 1 that is not a product of two smaller natural numbers).
    Hexadecimal digits are 0, 1, 2, 3, 4, 5, 6, 7, 8, 9, A, B, C, D, E, F.
    Prime numbers are 2, 3, 5, 7, 11, 13, 17,...
    So you have to determine a number of the following digits: 2, 3, 5, 7, 
    B (=decimal 11), D (=decimal 13).
    Note: you may assume the input is always correct or empty string, 
    and symbols A,B,C,D,E,F are always uppercase.
    Examples:
    For num = ""AB"" the output should be 1.
    For num = ""1077E"" the output should be 2.
    For num = ""ABED1A33"" the output should be 4.
    For num = ""123456789ABCDEF0"" the output should be 6.
    For num = ""2020"" the output should be 2.
    """"""
    return 0
",True,False,assertion_failed,"Traceback (most recent call last):
  File ""/tmp/tmpyqozey_i/candidate_eval.py"", line 37, in <module>
    check(hex_key)
  File ""/tmp/tmpyqozey_i/candidate_eval.py"", line 25, in check
    assert candidate(""AB"") == 1, ""First test error: "" + str(candidate(""AB""))      
           ^^^^^^^^^^^^^^^^^^^^
AssertionError: First test error: 0",0.0545
HumanEval/79,deepseek_enhanced,decimal_to_binary,"
def decimal_to_binary(decimal):
    """"""You will be given a number in decimal form and your task is to convert it to
    binary format. The function should return a string, with each character representing a binary
    number. Each character in the string will be '0' or '1'.

    There will be an extra couple of characters 'db' at the beginning and at the end of the string.
    The extra characters are there to help with the format.

    Examples:
    decimal_to_binary(15)   # returns ""db1111db""
    decimal_to_binary(32)   # returns ""db100000db""
    """"""
","    return ""db"" + bin(decimal)[2:].zfill(8) + ""db""


def binary_to_decimal(binary):
    """"""You will be given a string in binary format. Your task is to convert it to decimal form.
    The function should return a number, with the same number of characters as the input string.

    Examples:
    binary_to_decimal(""db1111db"")   # returns 15
    binary_to_decimal(""db100000db"") # returns 3","
def decimal_to_binary(decimal):
    """"""You will be given a number in decimal form and your task is to convert it to
    binary format. The function should return a string, with each character representing a binary
    number. Each character in the string will be '0' or '1'.

    There will be an extra couple of characters 'db' at the beginning and at the end of the string.
    The extra characters are there to help with the format.

    Examples:
    decimal_to_binary(15)   # returns ""db1111db""
    decimal_to_binary(32)   # returns ""db100000db""
    """"""
    return ""db"" + bin(decimal)[2:].zfill(8) + ""db""
",True,False,assertion_failed,"Traceback (most recent call last):
  File ""/tmp/tmpthx34vbp/candidate_eval.py"", line 28, in <module>
    check(decimal_to_binary)
  File ""/tmp/tmpthx34vbp/candidate_eval.py"", line 19, in check
    assert candidate(0) == ""db0db""
           ^^^^^^^^^^^^^^^^^^^^^^^
AssertionError",0.0581
HumanEval/80,deepseek_enhanced,is_happy,"
def is_happy(s):
    """"""You are given a string s.
    Your task is to check if the string is happy or not.
    A string is happy if its length is at least 3 and every 3 consecutive letters are distinct
    For example:
    is_happy(a) => False
    is_happy(aa) => False
    is_happy(abcd) => True
    is_happy(aabb) => False
    is_happy(adb) => True
    is_happy(xyy) => False
    """"""
","    if len(s) < 3:
        return False
    for i in range(len(s) - 2):
        if s[i] == s[i + 1] or s[i] == s[i + 2] or s[i + 1] == s[i + 2]:
            return False
    return True


# Test Cases
print(is_happy(""a""))
print(is_happy(""aa""))
print(is_happy(""abcd""))
print(is_happy(""aabb""))
print(is_happy","
def is_happy(s):
    """"""You are given a string s.
    Your task is to check if the string is happy or not.
    A string is happy if its length is at least 3 and every 3 consecutive letters are distinct
    For example:
    is_happy(a) => False
    is_happy(aa) => False
    is_happy(abcd) => True
    is_happy(aabb) => False
    is_happy(adb) => True
    is_happy(xyy) => False
    """"""
    if len(s) < 3:
        return False
    for i in range(len(s) - 2):
        if s[i] == s[i + 1] or s[i] == s[i + 2] or s[i + 1] == s[i + 2]:
            return False
    return True


    # Test Cases
    print(is_happy(""a""))
    print(is_happy(""aa""))
    print(is_happy(""abcd""))
    print(is_happy(""aabb""))
    print(is_happy
",False,False,syntax_error,"SyntaxError: '(' was never closed (<unknown>, line 27)",0.0003
HumanEval/81,deepseek_enhanced,numerical_letter_grade,"
def numerical_letter_grade(grades):
    """"""It is the last week of the semester and the teacher has to give the grades
    to students. The teacher has been making her own algorithm for grading.
    The only problem is, she has lost the code she used for grading.
    She has given you a list of GPAs for some students and you have to write 
    a function that can output a list of letter grades using the following table:
             GPA       |    Letter grade
              4.0                A+
            > 3.7                A 
            > 3.3                A- 
            > 3.0                B+
            > 2.7                B 
            > 2.3                B-
            > 2.0                C+
            > 1.7                C
            > 1.3                C-
            > 1.0                D+ 
            > 0.7                D 
            > 0.0                D-
              0.0                E
    

    Example:
    grade_equation([4.0, 3, 1.7, 2, 3.5]) ==> ['A+', 'B', 'C-', 'C', 'A-']
    """"""
","    pass


def main():
    """"""
    This is the main function that is called when the program is run.
    """"""
    # Call the function to test the function.
    print(numerical_letter_grade([4.0, 3, 1.7, 2, 3.5]))


if __name__ == ""__main__"":
    main()","
def numerical_letter_grade(grades):
    """"""It is the last week of the semester and the teacher has to give the grades
    to students. The teacher has been making her own algorithm for grading.
    The only problem is, she has lost the code she used for grading.
    She has given you a list of GPAs for some students and you have to write 
    a function that can output a list of letter grades using the following table:
             GPA       |    Letter grade
              4.0                A+
            > 3.7                A 
            > 3.3                A- 
            > 3.0                B+
            > 2.7                B 
            > 2.3                B-
            > 2.0                C+
            > 1.7                C
            > 1.3                C-
            > 1.0                D+ 
            > 0.7                D 
            > 0.0                D-
              0.0                E
    

    Example:
    grade_equation([4.0, 3, 1.7, 2, 3.5]) ==> ['A+', 'B', 'C-', 'C', 'A-']
    """"""
    pass
",True,False,assertion_failed,"Traceback (most recent call last):
  File ""/tmp/tmplgwfhgxi/candidate_eval.py"", line 43, in <module>
    check(numerical_letter_grade)
  File ""/tmp/tmplgwfhgxi/candidate_eval.py"", line 32, in check
    assert candidate([4.0, 3, 1.7, 2, 3.5]) == ['A+', 'B', 'C-', 'C', 'A-']
           ^^^^^^^^^^^^^^^^^^^^^^^^^^^^^^^^^^^^^^^^^^^^^^^^^^^^^^^^^^^^^^^^
AssertionError",0.0609
HumanEval/82,deepseek_enhanced,prime_length,"
def prime_length(string):
    """"""Write a function that takes a string and returns True if the string
    length is a prime number or False otherwise
    Examples
    prime_length('Hello') == True
    prime_length('abcdcba') == True
    prime_length('kittens') == True
    prime_length('orange') == False
    """"""
","    pass


def prime_length_2(string):
    """"""Write a function that takes a string and returns True if the string
    length is a prime number or False otherwise
    Examples
    prime_length('Hello') == True
    prime_length('abcdcba') == True
    prime_length('kittens') == True
    prime_length('orange') == False
    """"""
    # Complete the function implementation. Return the required value.
    pass


def prime_length_3(string):
    """"""Write a function that takes a","
def prime_length(string):
    """"""Write a function that takes a string and returns True if the string
    length is a prime number or False otherwise
    Examples
    prime_length('Hello') == True
    prime_length('abcdcba') == True
    prime_length('kittens') == True
    prime_length('orange') == False
    """"""
    pass
",True,False,assertion_failed,"Traceback (most recent call last):
  File ""/tmp/tmpi7jqm0xj/candidate_eval.py"", line 36, in <module>
    check(prime_length)
  File ""/tmp/tmpi7jqm0xj/candidate_eval.py"", line 16, in check
    assert candidate('Hello') == True
           ^^^^^^^^^^^^^^^^^^^^^^^^^^
AssertionError",0.0601
HumanEval/83,deepseek_enhanced,starts_one_ends,"
def starts_one_ends(n):
    """"""
    Given a positive integer n, return the count of the numbers of n-digit
    positive integers that start or end with 1.
    """"""
","    return 0


def starts_one_ends_test():
    """"""
    Test function for starts_one_ends.
    """"""
    assert starts_one_ends(1) == 1
    assert starts_one_ends(2) == 1
    assert starts_one_ends(3) == 2
    assert starts_one_ends(4) == 3
    assert starts_one_ends(5) == 4
    assert starts_one_ends(6) == 5
    assert starts_one_ends(7) == 6
    assert starts","
def starts_one_ends(n):
    """"""
    Given a positive integer n, return the count of the numbers of n-digit
    positive integers that start or end with 1.
    """"""
    return 0
",True,False,assertion_failed,"Traceback (most recent call last):
  File ""/tmp/tmpotcnayvb/candidate_eval.py"", line 23, in <module>
    check(starts_one_ends)
  File ""/tmp/tmpotcnayvb/candidate_eval.py"", line 13, in check
    assert candidate(1) == 1
           ^^^^^^^^^^^^^^^^^
AssertionError",0.0555
HumanEval/84,deepseek_enhanced,solve,"
def solve(N):
    """"""Given a positive integer N, return the total sum of its digits in binary.
    
    Example
        For N = 1000, the sum of digits will be 1 the output should be ""1"".
        For N = 150, the sum of digits will be 6 the output should be ""110"".
        For N = 147, the sum of digits will be 12 the output should be ""1100"".
    
    Variables:
        @N integer
             Constraints: 0 ≤ N ≤ 10000.
    Output:
         a string of binary number
    """"""
","    return bin(N).replace(""0b"", """")


if __name__ == ""__main__"":
    N = int(input())
    print(solve(N))","
def solve(N):
    """"""Given a positive integer N, return the total sum of its digits in binary.
    
    Example
        For N = 1000, the sum of digits will be 1 the output should be ""1"".
        For N = 150, the sum of digits will be 6 the output should be ""110"".
        For N = 147, the sum of digits will be 12 the output should be ""1100"".
    
    Variables:
        @N integer
             Constraints: 0 ≤ N ≤ 10000.
    Output:
         a string of binary number
    """"""
    return bin(N).replace(""0b"", """")
",True,False,assertion_failed,"Traceback (most recent call last):
  File ""/tmp/tmpygry4fr1/candidate_eval.py"", line 32, in <module>
    check(solve)
  File ""/tmp/tmpygry4fr1/candidate_eval.py"", line 22, in check
    assert candidate(1000) == ""1"", ""Error""
           ^^^^^^^^^^^^^^^^^^^^^^
AssertionError: Error",0.0572
HumanEval/85,deepseek_enhanced,add,"
def add(lst):
    """"""Given a non-empty list of integers lst. add the even elements that are at odd indices..


    Examples:
        add([4, 2, 6, 7]) ==> 2 
    """"""
","    return sum(lst[::2])


def add_all(lst):
    """"""Given a non-empty list of integers lst. add the elements that are at odd indices..


    Examples:
        add_all([4, 2, 6, 7]) ==> 2 
    """"""
    # Complete the function implementation. Return the required value.
    return sum(lst[1::2])


def add_all_but_first(lst):
    """"""Given a non-empty list of integers lst.","
def add(lst):
    """"""Given a non-empty list of integers lst. add the even elements that are at odd indices..


    Examples:
        add([4, 2, 6, 7]) ==> 2 
    """"""
    return sum(lst[::2])
",True,False,assertion_failed,"Traceback (most recent call last):
  File ""/tmp/tmpss6n4xi8/candidate_eval.py"", line 22, in <module>
    check(add)
  File ""/tmp/tmpss6n4xi8/candidate_eval.py"", line 14, in check
    assert candidate([4, 88]) == 88
           ^^^^^^^^^^^^^^^^^^^^^^^^
AssertionError",0.0779
HumanEval/86,deepseek_enhanced,anti_shuffle,"
def anti_shuffle(s):
    """"""
    Write a function that takes a string and returns an ordered version of it.
    Ordered version of string, is a string where all words (separated by space)
    are replaced by a new word where all the characters arranged in
    ascending order based on ascii value.
    Note: You should keep the order of words and blank spaces in the sentence.

    For example:
    anti_shuffle('Hi') returns 'Hi'
    anti_shuffle('hello') returns 'ehllo'
    anti_shuffle('Hello World!!!') returns 'Hello !!!Wdlor'
    """"""
","    return s


# Testing the function.
print(anti_shuffle('Hi'))
print(anti_shuffle('hello'))
print(anti_shuffle('Hello World!!!'))","
def anti_shuffle(s):
    """"""
    Write a function that takes a string and returns an ordered version of it.
    Ordered version of string, is a string where all words (separated by space)
    are replaced by a new word where all the characters arranged in
    ascending order based on ascii value.
    Note: You should keep the order of words and blank spaces in the sentence.

    For example:
    anti_shuffle('Hi') returns 'Hi'
    anti_shuffle('hello') returns 'ehllo'
    anti_shuffle('Hello World!!!') returns 'Hello !!!Wdlor'
    """"""
    return s


    # Testing the function.
    print(anti_shuffle('Hi'))
    print(anti_shuffle('hello'))
    print(anti_shuffle('Hello World!!!'))
",True,False,assertion_failed,"Traceback (most recent call last):
  File ""/tmp/tmpp7nlacdb/candidate_eval.py"", line 37, in <module>
    check(anti_shuffle)
  File ""/tmp/tmpp7nlacdb/candidate_eval.py"", line 27, in check
    assert candidate('hello') == 'ehllo'
           ^^^^^^^^^^^^^^^^^^^^^^^^^^^^^
AssertionError",0.0557
HumanEval/87,deepseek_enhanced,get_row,"
def get_row(lst, x):
    """"""
    You are given a 2 dimensional data, as a nested lists,
    which is similar to matrix, however, unlike matrices,
    each row may contain a different number of columns.
    Given lst, and integer x, find integers x in the list,
    and return list of tuples, [(x1, y1), (x2, y2) ...] such that
    each tuple is a coordinate - (row, columns), starting with 0.
    Sort coordinates initially by rows in ascending order.
    Also, sort coordinates of the row by columns in descending order.
    
    Examples:
    get_row([
      [1,2,3,4,5,6],
      [1,2,3,4,1,6],
      [1,2,3,4,5,1]
    ], 1) == [(0, 0), (1, 4), (1, 0), (2, 5), (2, 0)]
    get_row([], 1) == []
    get_row([[], [1], [1, 2, 3]], 3) == [(2, 2)]
    """"""
","    return []


def get_col(lst, y):
    """"""
    You are given a 2 dimensional data, as a nested lists,
    which is similar to matrix, however, unlike matrices,
    each row may contain a different number of columns.
    Given lst, and integer y, find integers y in the list,
    and return list of tuples, [(x1, y1), (x2, y2) ...] such that
    each tuple is a coordinate - (row, columns), starting with 0.
    Sort coordinates","
def get_row(lst, x):
    """"""
    You are given a 2 dimensional data, as a nested lists,
    which is similar to matrix, however, unlike matrices,
    each row may contain a different number of columns.
    Given lst, and integer x, find integers x in the list,
    and return list of tuples, [(x1, y1), (x2, y2) ...] such that
    each tuple is a coordinate - (row, columns), starting with 0.
    Sort coordinates initially by rows in ascending order.
    Also, sort coordinates of the row by columns in descending order.
    
    Examples:
    get_row([
      [1,2,3,4,5,6],
      [1,2,3,4,1,6],
      [1,2,3,4,5,1]
    ], 1) == [(0, 0), (1, 4), (1, 0), (2, 5), (2, 0)]
    get_row([], 1) == []
    get_row([[], [1], [1, 2, 3]], 3) == [(2, 2)]
    """"""
    return []
",True,False,assertion_failed,"Traceback (most recent call last):
  File ""/tmp/tmp4ayrmzgx/candidate_eval.py"", line 57, in <module>
    check(get_row)
  File ""/tmp/tmp4ayrmzgx/candidate_eval.py"", line 27, in check
    assert candidate([
           ^^^^^^^^^^^
AssertionError",0.0556
HumanEval/88,deepseek_enhanced,sort_array,"
def sort_array(array):
    """"""
    Given an array of non-negative integers, return a copy of the given array after sorting,
    you will sort the given array in ascending order if the sum( first index value, last index value) is odd,
    or sort it in descending order if the sum( first index value, last index value) is even.

    Note:
    * don't change the given array.

    Examples:
    * sort_array([]) => []
    * sort_array([5]) => [5]
    * sort_array([2, 4, 3, 0, 1, 5]) => [0, 1, 2, 3, 4, 5]
    * sort_array([2, 4, 3, 0, 1, 5, 6]) => [6, 5, 4, 3, 2, 1, 0]
    """"""
","    return sorted(array)


def sort_array_2(array):
    """"""
    Given an array of non-negative integers, return a copy of the given array after sorting,
    you will sort the given array in ascending order if the sum( first index value, last index value) is odd,
    or sort it in descending order if the sum( first index value, last index value) is even.

    Note:
    * don't change the given array.

    Examples:
    * sort_array([]) => []
   ","
def sort_array(array):
    """"""
    Given an array of non-negative integers, return a copy of the given array after sorting,
    you will sort the given array in ascending order if the sum( first index value, last index value) is odd,
    or sort it in descending order if the sum( first index value, last index value) is even.

    Note:
    * don't change the given array.

    Examples:
    * sort_array([]) => []
    * sort_array([5]) => [5]
    * sort_array([2, 4, 3, 0, 1, 5]) => [0, 1, 2, 3, 4, 5]
    * sort_array([2, 4, 3, 0, 1, 5, 6]) => [6, 5, 4, 3, 2, 1, 0]
    """"""
    return sorted(array)
",True,False,assertion_failed,"Traceback (most recent call last):
  File ""/tmp/tmpizh5n0jo/candidate_eval.py"", line 35, in <module>
    check(sort_array)
  File ""/tmp/tmpizh5n0jo/candidate_eval.py"", line 26, in check
    assert candidate([2, 4, 3, 0, 1, 5, 6]) == [6, 5, 4, 3, 2, 1, 0], ""Error""
           ^^^^^^^^^^^^^^^^^^^^^^^^^^^^^^^^^^^^^^^^^^^^^^^^^^^^^^^^^
AssertionError: Error",0.0578
HumanEval/89,deepseek_enhanced,encrypt,"
def encrypt(s):
    """"""Create a function encrypt that takes a string as an argument and
    returns a string encrypted with the alphabet being rotated. 
    The alphabet should be rotated in a manner such that the letters 
    shift down by two multiplied to two places.
    For example:
    encrypt('hi') returns 'lm'
    encrypt('asdfghjkl') returns 'ewhjklnop'
    encrypt('gf') returns 'kj'
    encrypt('et') returns 'ix'
    """"""
","    return ''.join([chr(ord(c) + 2) for c in s])


def decrypt(s):
    """"""Create a function decrypt that takes a string as an argument and
    returns a string decrypted with the alphabet being rotated. 
    The alphabet should be rotated in a manner such that the letters 
    shift down by two multiplied to two places.
    For example:
    decrypt('lm') returns 'hi'
    decrypt('ewhjklnop') returns 'asdfghjkl'
   ","
def encrypt(s):
    """"""Create a function encrypt that takes a string as an argument and
    returns a string encrypted with the alphabet being rotated. 
    The alphabet should be rotated in a manner such that the letters 
    shift down by two multiplied to two places.
    For example:
    encrypt('hi') returns 'lm'
    encrypt('asdfghjkl') returns 'ewhjklnop'
    encrypt('gf') returns 'kj'
    encrypt('et') returns 'ix'
    """"""
    return ''.join([chr(ord(c) + 2) for c in s])
",True,False,assertion_failed,"Traceback (most recent call last):
  File ""/tmp/tmps6r187ld/candidate_eval.py"", line 31, in <module>
    check(encrypt)
  File ""/tmp/tmps6r187ld/candidate_eval.py"", line 18, in check
    assert candidate('hi') == 'lm', ""This prints if this assert fails 1 (good for debugging!)""
           ^^^^^^^^^^^^^^^^^^^^^^^
AssertionError: This prints if this assert fails 1 (good for debugging!)",0.0566
HumanEval/90,deepseek_enhanced,next_smallest,"
def next_smallest(lst):
    """"""
    You are given a list of integers.
    Write a function next_smallest() that returns the 2nd smallest element of the list.
    Return None if there is no such element.
    
    next_smallest([1, 2, 3, 4, 5]) == 2
    next_smallest([5, 1, 4, 3, 2]) == 2
    next_smallest([]) == None
    next_smallest([1, 1]) == None
    """"""
","    if len(lst) < 2:
        return None
    else:
        lst.sort()
        return lst[1]


# Test Cases
print(next_smallest([1, 2, 3, 4, 5]))
print(next_smallest([5, 1, 4, 3, 2]))
print(next_smallest([]))
print(next_smallest([1, 1]))

# 2. Write a function that takes a list of integers and returns the sum of all","
def next_smallest(lst):
    """"""
    You are given a list of integers.
    Write a function next_smallest() that returns the 2nd smallest element of the list.
    Return None if there is no such element.
    
    next_smallest([1, 2, 3, 4, 5]) == 2
    next_smallest([5, 1, 4, 3, 2]) == 2
    next_smallest([]) == None
    next_smallest([1, 1]) == None
    """"""
    if len(lst) < 2:
        return None
    else:
        lst.sort()
        return lst[1]


    # Test Cases
    print(next_smallest([1, 2, 3, 4, 5]))
    print(next_smallest([5, 1, 4, 3, 2]))
    print(next_smallest([]))
    print(next_smallest([1, 1]))

    # 2. Write a function that takes a list of integers and returns the sum of all
",True,False,assertion_failed,"Traceback (most recent call last):
  File ""/tmp/tmpe6de__z1/candidate_eval.py"", line 43, in <module>
    check(next_smallest)
  File ""/tmp/tmpe6de__z1/candidate_eval.py"", line 34, in check
    assert candidate([1, 1]) == None
           ^^^^^^^^^^^^^^^^^^^^^^^^^
AssertionError",0.0539
HumanEval/91,deepseek_enhanced,is_bored,"
def is_bored(S):
    """"""
    You'll be given a string of words, and your task is to count the number
    of boredoms. A boredom is a sentence that starts with the word ""I"".
    Sentences are delimited by '.', '?' or '!'.
   
    For example:
    >>> is_bored(""Hello world"")
    0
    >>> is_bored(""The sky is blue. The sun is shining. I love this weather"")
    1
    """"""
","    return 0


if __name__ == ""__main__"":
    import doctest
    doctest.testmod()","
def is_bored(S):
    """"""
    You'll be given a string of words, and your task is to count the number
    of boredoms. A boredom is a sentence that starts with the word ""I"".
    Sentences are delimited by '.', '?' or '!'.
   
    For example:
    >>> is_bored(""Hello world"")
    0
    >>> is_bored(""The sky is blue. The sun is shining. I love this weather"")
    1
    """"""
    return 0
",True,False,assertion_failed,"Traceback (most recent call last):
  File ""/tmp/tmp2g866i51/candidate_eval.py"", line 30, in <module>
    check(is_bored)
  File ""/tmp/tmp2g866i51/candidate_eval.py"", line 21, in check
    assert candidate(""I love It !"") == 1, ""Test 3""
           ^^^^^^^^^^^^^^^^^^^^^^^^^^^^^
AssertionError: Test 3",0.055
HumanEval/92,deepseek_enhanced,any_int,"
def any_int(x, y, z):
    '''
    Create a function that takes 3 numbers.
    Returns true if one of the numbers is equal to the sum of the other two, and all numbers are integers.
    Returns false in any other cases.
    
    Examples
    any_int(5, 2, 7) ➞ True
    
    any_int(3, 2, 2) ➞ False

    any_int(3, -2, 1) ➞ True
    
    any_int(3.6, -2.2, 2) ➞ False
  

    
    '''
","    if (x + y == z) or (x + z == y) or (y + z == x):
        return True
    else:
        return False


# Test Cases
print(any_int(5, 2, 7))
print(any_int(3, 2, 2))
print(any_int(3, -2, 1))
print(any_int(3.6, -2.2, 2))","
def any_int(x, y, z):
    '''
    Create a function that takes 3 numbers.
    Returns true if one of the numbers is equal to the sum of the other two, and all numbers are integers.
    Returns false in any other cases.
    
    Examples
    any_int(5, 2, 7) ➞ True
    
    any_int(3, 2, 2) ➞ False

    any_int(3, -2, 1) ➞ True
    
    any_int(3.6, -2.2, 2) ➞ False
  

    
    '''
    if (x + y == z) or (x + z == y) or (y + z == x):
        return True
    else:
        return False


    # Test Cases
    print(any_int(5, 2, 7))
    print(any_int(3, 2, 2))
    print(any_int(3, -2, 1))
    print(any_int(3.6, -2.2, 2))
",True,False,assertion_failed,"Traceback (most recent call last):
  File ""/tmp/tmpy604xmp3/candidate_eval.py"", line 49, in <module>
    check(any_int)
  File ""/tmp/tmpy604xmp3/candidate_eval.py"", line 37, in check
    assert candidate(1.5, 5, 3.5)==False, ""This prints if this assert fails 3 (good for debugging!)""
           ^^^^^^^^^^^^^^^^^^^^^^^^^^^^^
AssertionError: This prints if this assert fails 3 (good for debugging!)",0.0574
HumanEval/93,deepseek_enhanced,encode,"
def encode(message):
    """"""
    Write a function that takes a message, and encodes in such a 
    way that it swaps case of all letters, replaces all vowels in 
    the message with the letter that appears 2 places ahead of that 
    vowel in the english alphabet. 
    Assume only letters. 
    
    Examples:
    >>> encode('test')
    'TGST'
    >>> encode('This is a message')
    'tHKS KS C MGSSCGG'
    """"""
","    pass


def decode(message):
    """"""
    Write a function that takes a message, and decodes in such a 
    way that it swaps case of all letters, replaces all vowels in 
    the message with the letter that appears 2 places ahead of that 
    vowel in the english alphabet. 
    Assume only letters. 
    
    Examples:
    >>> decode('TGST')
    'test'
    >>> decode('tHKS KS C MGSSCGG')
    'This","
def encode(message):
    """"""
    Write a function that takes a message, and encodes in such a 
    way that it swaps case of all letters, replaces all vowels in 
    the message with the letter that appears 2 places ahead of that 
    vowel in the english alphabet. 
    Assume only letters. 
    
    Examples:
    >>> encode('test')
    'TGST'
    >>> encode('This is a message')
    'tHKS KS C MGSSCGG'
    """"""
    pass
",True,False,assertion_failed,"Traceback (most recent call last):
  File ""/tmp/tmpkh0t3t0m/candidate_eval.py"", line 30, in <module>
    check(encode)
  File ""/tmp/tmpkh0t3t0m/candidate_eval.py"", line 21, in check
    assert candidate('TEST') == 'tgst', ""This prints if this assert fails 1 (good for debugging!)""
           ^^^^^^^^^^^^^^^^^^^^^^^^^^^
AssertionError: This prints if this assert fails 1 (good for debugging!)",0.0561
HumanEval/94,deepseek_enhanced,skjkasdkd,"

def skjkasdkd(lst):
    """"""You are given a list of integers.
    You need to find the largest prime value and return the sum of its digits.

    Examples:
    For lst = [0,3,2,1,3,5,7,4,5,5,5,2,181,32,4,32,3,2,32,324,4,3] the output should be 10
    For lst = [1,0,1,8,2,4597,2,1,3,40,1,2,1,2,4,2,5,1] the output should be 25
    For lst = [1,3,1,32,5107,34,83278,109,163,23,2323,32,30,1,9,3] the output should be 13
    For lst = [0,724,32,71,99,32,6,0,5,91,83,0,5,6] the output should be 11
    For lst = [0,81,12,3,1,21] the output should be 3
    For lst = [0,8,1,2,1,7] the output should be 7
    """"""
","    return 0


def skjkasdkd(lst):
    """"""You are given a list of integers.
    You need to find the largest prime value and return the sum of its digits.

    Examples:
    For lst = [0,3,2,1,3,5,7,4,5,5,5,2,181,32,4,32,3,2,32,324,4,3] the output should be 10
    For lst = [1,0,","

def skjkasdkd(lst):
    """"""You are given a list of integers.
    You need to find the largest prime value and return the sum of its digits.

    Examples:
    For lst = [0,3,2,1,3,5,7,4,5,5,5,2,181,32,4,32,3,2,32,324,4,3] the output should be 10
    For lst = [1,0,1,8,2,4597,2,1,3,40,1,2,1,2,4,2,5,1] the output should be 25
    For lst = [1,3,1,32,5107,34,83278,109,163,23,2323,32,30,1,9,3] the output should be 13
    For lst = [0,724,32,71,99,32,6,0,5,91,83,0,5,6] the output should be 11
    For lst = [0,81,12,3,1,21] the output should be 3
    For lst = [0,8,1,2,1,7] the output should be 7
    """"""
    return 0
",True,False,assertion_failed,"Traceback (most recent call last):
  File ""/tmp/tmp9b1lot_l/candidate_eval.py"", line 41, in <module>
    check(skjkasdkd)
  File ""/tmp/tmp9b1lot_l/candidate_eval.py"", line 20, in check
    assert candidate([0,3,2,1,3,5,7,4,5,5,5,2,181,32,4,32,3,2,32,324,4,3]) == 10, ""This prints if this assert fails 1 (good for debugging!)""
           ^^^^^^^^^^^^^^^^^^^^^^^^^^^^^^^^^^^^^^^^^^^^^^^^^^^^^^^^^^^^^^^^^^^^^
AssertionError: This prints if this assert fails 1 (good for debugging!)",0.0545
HumanEval/95,deepseek_enhanced,check_dict_case,"
def check_dict_case(dict):
    """"""
    Given a dictionary, return True if all keys are strings in lower 
    case or all keys are strings in upper case, else return False.
    The function should return False is the given dictionary is empty.
    Examples:
    check_dict_case({""a"":""apple"", ""b"":""banana""}) should return True.
    check_dict_case({""a"":""apple"", ""A"":""banana"", ""B"":""banana""}) should return False.
    check_dict_case({""a"":""apple"", 8:""banana"", ""a"":""apple""}) should return False.
    check_dict_case({""Name"":""John"", ""Age"":""36"", ""City"":""Houston""}) should return False.
    check_dict_case({""STATE"":""NC"", ""ZIP"":""12345"" }) should return True.
    """"""
","    if not dict:
        return False
    else:
        return all(isinstance(key, str) for key in dict.keys()) and all(isinstance(key, str) for key in dict.keys())


# Test cases
print(check_dict_case({""a"":""apple"", ""b"":""banana""}))
print(check_dict_case({""a"":""apple"", ""A"":""banana"", ""B"":""banana""}))
print(check_dict_case({""a"":""apple"", 8:""banana"", ""a"":""apple""","
def check_dict_case(dict):
    """"""
    Given a dictionary, return True if all keys are strings in lower 
    case or all keys are strings in upper case, else return False.
    The function should return False is the given dictionary is empty.
    Examples:
    check_dict_case({""a"":""apple"", ""b"":""banana""}) should return True.
    check_dict_case({""a"":""apple"", ""A"":""banana"", ""B"":""banana""}) should return False.
    check_dict_case({""a"":""apple"", 8:""banana"", ""a"":""apple""}) should return False.
    check_dict_case({""Name"":""John"", ""Age"":""36"", ""City"":""Houston""}) should return False.
    check_dict_case({""STATE"":""NC"", ""ZIP"":""12345"" }) should return True.
    """"""
    if not dict:
        return False
    else:
        return all(isinstance(key, str) for key in dict.keys()) and all(isinstance(key, str) for key in dict.keys())


    # Test cases
    print(check_dict_case({""a"":""apple"", ""b"":""banana""}))
    print(check_dict_case({""a"":""apple"", ""A"":""banana"", ""B"":""banana""}))
    print(check_dict_case({""a"":""apple"", 8:""banana"", ""a"":""apple""
",False,False,syntax_error,"SyntaxError: '{' was never closed (<unknown>, line 23)",0.0004
HumanEval/96,deepseek_enhanced,count_up_to,"
def count_up_to(n):
    """"""Implement a function that takes an non-negative integer and returns an array of the first n
    integers that are prime numbers and less than n.
    for example:
    count_up_to(5) => [2,3]
    count_up_to(11) => [2,3,5,7]
    count_up_to(0) => []
    count_up_to(20) => [2,3,5,7,11,13,17,19]
    count_up_to(1) => []
    count_up_to(18) => [2,3,5,7,11,13,17]
    """"""
","    pass


def count_up_to_with_filter(n):
    """"""Implement a function that takes an non-negative integer and returns an array of the first n
    integers that are prime numbers and less than n.
    for example:
    count_up_to(5) => [2,3]
    count_up_to(11) => [2,3,5,7]
    count_up_to(0) => []
    count_up_to(20) => [2,3,5,7,1","
def count_up_to(n):
    """"""Implement a function that takes an non-negative integer and returns an array of the first n
    integers that are prime numbers and less than n.
    for example:
    count_up_to(5) => [2,3]
    count_up_to(11) => [2,3,5,7]
    count_up_to(0) => []
    count_up_to(20) => [2,3,5,7,11,13,17,19]
    count_up_to(1) => []
    count_up_to(18) => [2,3,5,7,11,13,17]
    """"""
    pass
",True,False,assertion_failed,"Traceback (most recent call last):
  File ""/tmp/tmp5diafxek/candidate_eval.py"", line 29, in <module>
    check(count_up_to)
  File ""/tmp/tmp5diafxek/candidate_eval.py"", line 17, in check
    assert candidate(5) == [2,3]
           ^^^^^^^^^^^^^^^^^^^^^
AssertionError",0.0579
HumanEval/97,deepseek_enhanced,multiply,"
def multiply(a, b):
    """"""Complete the function that takes two integers and returns 
    the product of their unit digits.
    Assume the input is always valid.
    Examples:
    multiply(148, 412) should return 16.
    multiply(19, 28) should return 72.
    multiply(2020, 1851) should return 0.
    multiply(14,-15) should return 20.
    """"""
","    return 0


def multiply(a, b):
    """"""Complete the function that takes two integers and returns 
    the product of their unit digits.
    Assume the input is always valid.
    Examples:
    multiply(148, 412) should return 16.
    multiply(19, 28) should return 72.
    multiply(2020, 1851) should return 0.
    multiply(14,-15) should return 20.
","
def multiply(a, b):
    """"""Complete the function that takes two integers and returns 
    the product of their unit digits.
    Assume the input is always valid.
    Examples:
    multiply(148, 412) should return 16.
    multiply(19, 28) should return 72.
    multiply(2020, 1851) should return 0.
    multiply(14,-15) should return 20.
    """"""
    return 0
",True,False,assertion_failed,"Traceback (most recent call last):
  File ""/tmp/tmpcma6u8kg/candidate_eval.py"", line 30, in <module>
    check(multiply)
  File ""/tmp/tmpcma6u8kg/candidate_eval.py"", line 17, in check
    assert candidate(148, 412) == 16, ""First test error: "" + str(candidate(148, 412))                    
           ^^^^^^^^^^^^^^^^^^^^^^^^^
AssertionError: First test error: 0",0.0535
HumanEval/98,deepseek_enhanced,count_upper,"
def count_upper(s):
    """"""
    Given a string s, count the number of uppercase vowels in even indices.
    
    For example:
    count_upper('aBCdEf') returns 1
    count_upper('abcdefg') returns 0
    count_upper('dBBE') returns 0
    """"""
","    # YOUR CODE HERE
    count = 0
    for i in range(len(s)):
        if i % 2 == 0 and s[i].isupper():
            count += 1
    return count


def count_upper_v2(s):
    """"""
    Given a string s, count the number of uppercase vowels in even indices.
    
    For example:
    count_upper('aBCdEf') returns 1
    count_upper('abcdefg') returns 0
    count_upper('dBBE')","
def count_upper(s):
    """"""
    Given a string s, count the number of uppercase vowels in even indices.
    
    For example:
    count_upper('aBCdEf') returns 1
    count_upper('abcdefg') returns 0
    count_upper('dBBE') returns 0
    """"""
    # YOUR CODE HERE
    count = 0
    for i in range(len(s)):
        if i % 2 == 0 and s[i].isupper():
            count += 1
    return count
",True,False,assertion_failed,"Traceback (most recent call last):
  File ""/tmp/tmpntz91nxg/candidate_eval.py"", line 33, in <module>
    check(count_upper)
  File ""/tmp/tmpntz91nxg/candidate_eval.py"", line 21, in check
    assert candidate('aBCdEf')  == 1
           ^^^^^^^^^^^^^^^^^^^^^^^^^
AssertionError",0.0553
HumanEval/99,deepseek_enhanced,closest_integer,"
def closest_integer(value):
    '''
    Create a function that takes a value (string) representing a number
    and returns the closest integer to it. If the number is equidistant
    from two integers, round it away from zero.

    Examples
    >>> closest_integer(""10"")
    10
    >>> closest_integer(""15.3"")
    15

    Note:
    Rounding away from zero means that if the given number is equidistant
    from two integers, the one you should return is the one that is the
    farthest from zero. For example closest_integer(""14.5"") should
    return 15 and closest_integer(""-14.5"") should return -15.
    '''
","    return value


if __name__ == '__main__':
    import doctest
    doctest.testmod()","
def closest_integer(value):
    '''
    Create a function that takes a value (string) representing a number
    and returns the closest integer to it. If the number is equidistant
    from two integers, round it away from zero.

    Examples
    >>> closest_integer(""10"")
    10
    >>> closest_integer(""15.3"")
    15

    Note:
    Rounding away from zero means that if the given number is equidistant
    from two integers, the one you should return is the one that is the
    farthest from zero. For example closest_integer(""14.5"") should
    return 15 and closest_integer(""-14.5"") should return -15.
    '''
    return value
",True,False,assertion_failed,"Traceback (most recent call last):
  File ""/tmp/tmp3iepsk0b/candidate_eval.py"", line 34, in <module>
    check(closest_integer)
  File ""/tmp/tmp3iepsk0b/candidate_eval.py"", line 25, in check
    assert candidate(""10"") == 10, ""Test 1""
           ^^^^^^^^^^^^^^^^^^^^^
AssertionError: Test 1",0.0572
HumanEval/100,deepseek_enhanced,make_a_pile,"
def make_a_pile(n):
    """"""
    Given a positive integer n, you have to make a pile of n levels of stones.
    The first level has n stones.
    The number of stones in the next level is:
        - the next odd number if n is odd.
        - the next even number if n is even.
    Return the number of stones in each level in a list, where element at index
    i represents the number of stones in the level (i+1).

    Examples:
    >>> make_a_pile(3)
    [3, 5, 7]
    """"""
","    return [n, n+1, n+2]


def make_a_pile_2(n):
    """"""
    Given a positive integer n, you have to make a pile of n levels of stones.
    The first level has n stones.
    The number of stones in the next level is:
        - the next odd number if n is odd.
        - the next even number if n is even.
    Return the number of stones in each level in a list, where element at index
    i represents the number of stones in the level (i+","
def make_a_pile(n):
    """"""
    Given a positive integer n, you have to make a pile of n levels of stones.
    The first level has n stones.
    The number of stones in the next level is:
        - the next odd number if n is odd.
        - the next even number if n is even.
    Return the number of stones in each level in a list, where element at index
    i represents the number of stones in the level (i+1).

    Examples:
    >>> make_a_pile(3)
    [3, 5, 7]
    """"""
    return [n, n+1, n+2]
",True,False,assertion_failed,"Traceback (most recent call last):
  File ""/tmp/tmpmamxv5wt/candidate_eval.py"", line 31, in <module>
    check(make_a_pile)
  File ""/tmp/tmpmamxv5wt/candidate_eval.py"", line 21, in check
    assert candidate(3) == [3, 5, 7], ""Test 3""
           ^^^^^^^^^^^^^^^^^^^^^^^^^
AssertionError: Test 3",0.0575
HumanEval/101,deepseek_enhanced,words_string,"
def words_string(s):
    """"""
    You will be given a string of words separated by commas or spaces. Your task is
    to split the string into words and return an array of the words.
    
    For example:
    words_string(""Hi, my name is John"") == [""Hi"", ""my"", ""name"", ""is"", ""John""]
    words_string(""One, two, three, four, five, six"") == [""One"", ""two"", ""three"", ""four"", ""five"", ""six""]
    """"""
","    return s.split()


# Test Cases
print(words_string(""Hi, my name is John""))
print(words_string(""One, two, three, four, five, six""))
print(words_string(""Hi, my name is John, and I live in New York City""))
print(words_string(""Hi, my name is John, and I live in New York City, and I love to travel""))
print(words_string(""Hi, my name is John, and I live in New York City, and I love to travel, and I like to","
def words_string(s):
    """"""
    You will be given a string of words separated by commas or spaces. Your task is
    to split the string into words and return an array of the words.
    
    For example:
    words_string(""Hi, my name is John"") == [""Hi"", ""my"", ""name"", ""is"", ""John""]
    words_string(""One, two, three, four, five, six"") == [""One"", ""two"", ""three"", ""four"", ""five"", ""six""]
    """"""
    return s.split()


    # Test Cases
    print(words_string(""Hi, my name is John""))
    print(words_string(""One, two, three, four, five, six""))
    print(words_string(""Hi, my name is John, and I live in New York City""))
    print(words_string(""Hi, my name is John, and I live in New York City, and I love to travel""))
    print(words_string(""Hi, my name is John, and I live in New York City, and I love to travel, and I like to
",False,False,syntax_error,"SyntaxError: unterminated string literal (detected at line 19) (<unknown>, line 19)",0.0003
HumanEval/102,deepseek_enhanced,choose_num,"
def choose_num(x, y):
    """"""This function takes two positive numbers x and y and returns the
    biggest even integer number that is in the range [x, y] inclusive. If 
    there's no such number, then the function should return -1.

    For example:
    choose_num(12, 15) = 14
    choose_num(13, 12) = -1
    """"""
","    return -1


def main():
    """"""This function is used to test the function choose_num().
    """"""
    # Test case 1
    print(""Test case 1:"")
    print(""Input: x = 12, y = 15"")
    print(""Expected output: 14"")
    print(""Actual output:"", choose_num(12, 15))
    print()

    # Test case 2
    print(""Test case 2:"")
    print(""Input: x = 13, y = 12","
def choose_num(x, y):
    """"""This function takes two positive numbers x and y and returns the
    biggest even integer number that is in the range [x, y] inclusive. If 
    there's no such number, then the function should return -1.

    For example:
    choose_num(12, 15) = 14
    choose_num(13, 12) = -1
    """"""
    return -1
",True,False,assertion_failed,"Traceback (most recent call last):
  File ""/tmp/tmptv4yyqs8/candidate_eval.py"", line 28, in <module>
    check(choose_num)
  File ""/tmp/tmptv4yyqs8/candidate_eval.py"", line 16, in check
    assert candidate(12, 15) == 14
           ^^^^^^^^^^^^^^^^^^^^^^^
AssertionError",0.0537
HumanEval/103,deepseek_enhanced,rounded_avg,"
def rounded_avg(n, m):
    """"""You are given two positive integers n and m, and your task is to compute the
    average of the integers from n through m (including n and m). 
    Round the answer to the nearest integer and convert that to binary.
    If n is greater than m, return -1.
    Example:
    rounded_avg(1, 5) => ""0b11""
    rounded_avg(7, 5) => -1
    rounded_avg(10, 20) => ""0b1111""
    rounded_avg(20, 33) => ""0b11010""
    """"""
","    if n > m:
        return -1
    else:
        return bin(int(round(sum(range(n, m + 1)) / (m - n + 1))))[2:]


# Test Cases
print(rounded_avg(1, 5))
print(rounded_avg(7, 5))
print(rounded_avg(10, 20))
print(rounded_avg(20, 33))","
def rounded_avg(n, m):
    """"""You are given two positive integers n and m, and your task is to compute the
    average of the integers from n through m (including n and m). 
    Round the answer to the nearest integer and convert that to binary.
    If n is greater than m, return -1.
    Example:
    rounded_avg(1, 5) => ""0b11""
    rounded_avg(7, 5) => -1
    rounded_avg(10, 20) => ""0b1111""
    rounded_avg(20, 33) => ""0b11010""
    """"""
    if n > m:
        return -1
    else:
        return bin(int(round(sum(range(n, m + 1)) / (m - n + 1))))[2:]


    # Test Cases
    print(rounded_avg(1, 5))
    print(rounded_avg(7, 5))
    print(rounded_avg(10, 20))
    print(rounded_avg(20, 33))
",True,False,assertion_failed,"Traceback (most recent call last):
  File ""/tmp/tmpot6vs8ov/candidate_eval.py"", line 45, in <module>
    check(rounded_avg)
  File ""/tmp/tmpot6vs8ov/candidate_eval.py"", line 28, in check
    assert candidate(1, 5) == ""0b11""
           ^^^^^^^^^^^^^^^^^^^^^^^^^
AssertionError",0.0546
HumanEval/104,deepseek_enhanced,unique_digits,"
def unique_digits(x):
    """"""Given a list of positive integers x. return a sorted list of all 
    elements that hasn't any even digit.

    Note: Returned list should be sorted in increasing order.
    
    For example:
    >>> unique_digits([15, 33, 1422, 1])
    [1, 15, 33]
    >>> unique_digits([152, 323, 1422, 10])
    []
    """"""
","    return []


if __name__ == ""__main__"":
    import doctest
    doctest.testmod()","
def unique_digits(x):
    """"""Given a list of positive integers x. return a sorted list of all 
    elements that hasn't any even digit.

    Note: Returned list should be sorted in increasing order.
    
    For example:
    >>> unique_digits([15, 33, 1422, 1])
    [1, 15, 33]
    >>> unique_digits([152, 323, 1422, 10])
    []
    """"""
    return []
",True,False,assertion_failed,"Traceback (most recent call last):
  File ""/tmp/tmp4h9wdd6v/candidate_eval.py"", line 28, in <module>
    check(unique_digits)
  File ""/tmp/tmp4h9wdd6v/candidate_eval.py"", line 19, in check
    assert candidate([15, 33, 1422, 1]) == [1, 15, 33]
           ^^^^^^^^^^^^^^^^^^^^^^^^^^^^^^^^^^^^^^^^^^^
AssertionError",0.0597
HumanEval/105,deepseek_enhanced,by_length,"
def by_length(arr):
    """"""
    Given an array of integers, sort the integers that are between 1 and 9 inclusive,
    reverse the resulting array, and then replace each digit by its corresponding name from
    ""One"", ""Two"", ""Three"", ""Four"", ""Five"", ""Six"", ""Seven"", ""Eight"", ""Nine"".

    For example:
      arr = [2, 1, 1, 4, 5, 8, 2, 3]   
            -> sort arr -> [1, 1, 2, 2, 3, 4, 5, 8] 
            -> reverse arr -> [8, 5, 4, 3, 2, 2, 1, 1]
      return [""Eight"", ""Five"", ""Four"", ""Three"", ""Two"", ""Two"", ""One"", ""One""]
    
      If the array is empty, return an empty array:
      arr = []
      return []
    
      If the array has any strange number ignore it:
      arr = [1, -1 , 55] 
            -> sort arr -> [-1, 1, 55]
            -> reverse arr -> [55, 1, -1]
      return = ['One']
    """"""
","    pass


def by_length_2(arr):
    """"""
    Given an array of integers, sort the integers that are between 1 and 9 inclusive,
    reverse the resulting array, and then replace each digit by its corresponding name from
    ""One"", ""Two"", ""Three"", ""Four"", ""Five"", ""Six"", ""Seven"", ""Eight"", ""Nine"".

    For example:
      arr = [2, 1, 1, 4, 5, 8, 2, 3]   
            ->","
def by_length(arr):
    """"""
    Given an array of integers, sort the integers that are between 1 and 9 inclusive,
    reverse the resulting array, and then replace each digit by its corresponding name from
    ""One"", ""Two"", ""Three"", ""Four"", ""Five"", ""Six"", ""Seven"", ""Eight"", ""Nine"".

    For example:
      arr = [2, 1, 1, 4, 5, 8, 2, 3]   
            -> sort arr -> [1, 1, 2, 2, 3, 4, 5, 8] 
            -> reverse arr -> [8, 5, 4, 3, 2, 2, 1, 1]
      return [""Eight"", ""Five"", ""Four"", ""Three"", ""Two"", ""Two"", ""One"", ""One""]
    
      If the array is empty, return an empty array:
      arr = []
      return []
    
      If the array has any strange number ignore it:
      arr = [1, -1 , 55] 
            -> sort arr -> [-1, 1, 55]
            -> reverse arr -> [55, 1, -1]
      return = ['One']
    """"""
    pass
",True,False,assertion_failed,"Traceback (most recent call last):
  File ""/tmp/tmpko5mctcy/candidate_eval.py"", line 40, in <module>
    check(by_length)
  File ""/tmp/tmpko5mctcy/candidate_eval.py"", line 30, in check
    assert candidate([2, 1, 1, 4, 5, 8, 2, 3]) == [""Eight"", ""Five"", ""Four"", ""Three"", ""Two"", ""Two"", ""One"", ""One""], ""Error""
           ^^^^^^^^^^^^^^^^^^^^^^^^^^^^^^^^^^^^^^^^^^^^^^^^^^^^^^^^^^^^^^^^^^^^^^^^^^^^^^^^^^^^^^^^^^^^^^^^^^^^^
AssertionError: Error",0.0566
HumanEval/106,deepseek_enhanced,f,"
def f(n):
    """""" Implement the function f that takes n as a parameter,
    and returns a list of size n, such that the value of the element at index i is the factorial of i if i is even
    or the sum of numbers from 1 to i otherwise.
    i starts from 1.
    the factorial of i is the multiplication of the numbers from 1 to i (1 * 2 * ... * i).
    Example:
    f(5) == [1, 2, 6, 24, 15]
    """"""
","    return [1]


def g(n):
    """""" Implement the function g that takes n as a parameter,
    and returns a list of size n, such that the value of the element at index i is the sum of numbers from 1 to i if i is even
    or the factorial of i otherwise.
    i starts from 1.
    the factorial of i is the multiplication of the numbers from 1 to i (1 * 2 * ... * i).
    Example:
    g(5) == [1, 3, 10","
def f(n):
    """""" Implement the function f that takes n as a parameter,
    and returns a list of size n, such that the value of the element at index i is the factorial of i if i is even
    or the sum of numbers from 1 to i otherwise.
    i starts from 1.
    the factorial of i is the multiplication of the numbers from 1 to i (1 * 2 * ... * i).
    Example:
    f(5) == [1, 2, 6, 24, 15]
    """"""
    return [1]
",True,False,assertion_failed,"Traceback (most recent call last):
  File ""/tmp/tmpml2ypp46/candidate_eval.py"", line 20, in <module>
    check(f)
  File ""/tmp/tmpml2ypp46/candidate_eval.py"", line 15, in check
    assert candidate(5) == [1, 2, 6, 24, 15]
           ^^^^^^^^^^^^^^^^^^^^^^^^^^^^^^^^^
AssertionError",0.0792
HumanEval/107,deepseek_enhanced,even_odd_palindrome,"
def even_odd_palindrome(n):
    """"""
    Given a positive integer n, return a tuple that has the number of even and odd
    integer palindromes that fall within the range(1, n), inclusive.

    Example 1:

        Input: 3
        Output: (1, 2)
        Explanation:
        Integer palindrome are 1, 2, 3. one of them is even, and two of them are odd.

    Example 2:

        Input: 12
        Output: (4, 6)
        Explanation:
        Integer palindrome are 1, 2, 3, 4, 5, 6, 7, 8, 9, 11. four of them are even, and 6 of them are odd.

    Note:
        1. 1 <= n <= 10^3
        2. returned tuple has the number of even and odd integer palindromes respectively.
    """"""
","    pass


if __name__ == ""__main__"":
    # Test Case 1
    n = 3
    print(even_odd_palindrome(n))

    # Test Case 2
    n = 12
    print(even_odd_palindrome(n))","
def even_odd_palindrome(n):
    """"""
    Given a positive integer n, return a tuple that has the number of even and odd
    integer palindromes that fall within the range(1, n), inclusive.

    Example 1:

        Input: 3
        Output: (1, 2)
        Explanation:
        Integer palindrome are 1, 2, 3. one of them is even, and two of them are odd.

    Example 2:

        Input: 12
        Output: (4, 6)
        Explanation:
        Integer palindrome are 1, 2, 3, 4, 5, 6, 7, 8, 9, 11. four of them are even, and 6 of them are odd.

    Note:
        1. 1 <= n <= 10^3
        2. returned tuple has the number of even and odd integer palindromes respectively.
    """"""
    pass
",True,False,assertion_failed,"Traceback (most recent call last):
  File ""/tmp/tmp5lik4eqc/candidate_eval.py"", line 42, in <module>
    check(even_odd_palindrome)
  File ""/tmp/tmp5lik4eqc/candidate_eval.py"", line 30, in check
    assert candidate(123) == (8, 13)
           ^^^^^^^^^^^^^^^^^^^^^^^^^
AssertionError",0.0544
HumanEval/108,deepseek_enhanced,count_nums,"
def count_nums(arr):
    """"""
    Write a function count_nums which takes an array of integers and returns
    the number of elements which has a sum of digits > 0.
    If a number is negative, then its first signed digit will be negative:
    e.g. -123 has signed digits -1, 2, and 3.
    >>> count_nums([]) == 0
    >>> count_nums([-1, 11, -11]) == 1
    >>> count_nums([1, 1, 2]) == 3
    """"""
","    return 0


def count_nums_2(arr):
    """"""
    Write a function count_nums which takes an array of integers and returns
    the number of elements which has a sum of digits > 0.
    If a number is negative, then its first signed digit will be negative:
    e.g. -123 has signed digits -1, 2, and 3.
    >>> count_nums_2([]) == 0
    >>> count_nums_2([-1, 11, -11","
def count_nums(arr):
    """"""
    Write a function count_nums which takes an array of integers and returns
    the number of elements which has a sum of digits > 0.
    If a number is negative, then its first signed digit will be negative:
    e.g. -123 has signed digits -1, 2, and 3.
    >>> count_nums([]) == 0
    >>> count_nums([-1, 11, -11]) == 1
    >>> count_nums([1, 1, 2]) == 3
    """"""
    return 0
",True,False,assertion_failed,"Traceback (most recent call last):
  File ""/tmp/tmpm5ne11kg/candidate_eval.py"", line 30, in <module>
    check(count_nums)
  File ""/tmp/tmpm5ne11kg/candidate_eval.py"", line 19, in check
    assert candidate([1, 1, 2, -2, 3, 4, 5]) == 6
           ^^^^^^^^^^^^^^^^^^^^^^^^^^^^^^^^^^^^^^
AssertionError",0.0536
HumanEval/109,deepseek_enhanced,move_one_ball,"
def move_one_ball(arr):
    """"""We have an array 'arr' of N integers arr[1], arr[2], ..., arr[N].The
    numbers in the array will be randomly ordered. Your task is to determine if
    it is possible to get an array sorted in non-decreasing order by performing 
    the following operation on the given array:
        You are allowed to perform right shift operation any number of times.
    
    One right shift operation means shifting all elements of the array by one
    position in the right direction. The last element of the array will be moved to
    the starting position in the array i.e. 0th index. 

    If it is possible to obtain the sorted array by performing the above operation
    then return True else return False.
    If the given array is empty then return True.

    Note: The given list is guaranteed to have unique elements.

    For Example:
    
    move_one_ball([3, 4, 5, 1, 2])==>True
    Explanation: By performin 2 right shift operations, non-decreasing order can
                 be achieved for the given array.
    move_one_ball([3, 5, 4, 1, 2])==>False
    Explanation:It is not possible to get non-decreasing order for the given
                array by performing any number of right shift operations.
                
    """"""
","    # Write your code here.
    if len(arr) == 0:
        return True
    else:
        for i in range(len(arr)-1):
            if arr[i] > arr[i+1]:
                return False
        return True


# Driver Code
if __name__ == ""__main__"":
    arr = [3, 4, 5, 1, 2]
    print(move_one_ball(arr))","
def move_one_ball(arr):
    """"""We have an array 'arr' of N integers arr[1], arr[2], ..., arr[N].The
    numbers in the array will be randomly ordered. Your task is to determine if
    it is possible to get an array sorted in non-decreasing order by performing 
    the following operation on the given array:
        You are allowed to perform right shift operation any number of times.
    
    One right shift operation means shifting all elements of the array by one
    position in the right direction. The last element of the array will be moved to
    the starting position in the array i.e. 0th index. 

    If it is possible to obtain the sorted array by performing the above operation
    then return True else return False.
    If the given array is empty then return True.

    Note: The given list is guaranteed to have unique elements.

    For Example:
    
    move_one_ball([3, 4, 5, 1, 2])==>True
    Explanation: By performin 2 right shift operations, non-decreasing order can
                 be achieved for the given array.
    move_one_ball([3, 5, 4, 1, 2])==>False
    Explanation:It is not possible to get non-decreasing order for the given
                array by performing any number of right shift operations.
                
    """"""
    # Write your code here.
    if len(arr) == 0:
        return True
    else:
        for i in range(len(arr)-1):
            if arr[i] > arr[i+1]:
                return False
        return True


    # Driver Code
",True,False,assertion_failed,"Traceback (most recent call last):
  File ""/tmp/tmpzbq_ikxe/candidate_eval.py"", line 51, in <module>
    check(move_one_ball)
  File ""/tmp/tmpzbq_ikxe/candidate_eval.py"", line 44, in check
    assert candidate([3, 4, 5, 1, 2])==True, ""This prints if this assert fails 1 (good for debugging!)""
           ^^^^^^^^^^^^^^^^^^^^^^^^^^^^^^^^
AssertionError: This prints if this assert fails 1 (good for debugging!)",0.0566
HumanEval/110,deepseek_enhanced,exchange,"
def exchange(lst1, lst2):
    """"""In this problem, you will implement a function that takes two lists of numbers,
    and determines whether it is possible to perform an exchange of elements
    between them to make lst1 a list of only even numbers.
    There is no limit on the number of exchanged elements between lst1 and lst2.
    If it is possible to exchange elements between the lst1 and lst2 to make
    all the elements of lst1 to be even, return ""YES"".
    Otherwise, return ""NO"".
    For example:
    exchange([1, 2, 3, 4], [1, 2, 3, 4]) => ""YES""
    exchange([1, 2, 3, 4], [1, 5, 3, 4]) => ""NO""
    It is assumed that the input lists will be non-empty.
    """"""
","    return ""YES""


# Test cases
print(exchange([1, 2, 3, 4], [1, 2, 3, 4]))
print(exchange([1, 2, 3, 4], [1, 5, 3, 4]))
print(exchange([1, 2, 3, 4], [1, 2, 3, 4]))
print(exchange([1, 2, 3, 4], [1, 2, 3, 4]))","
def exchange(lst1, lst2):
    """"""In this problem, you will implement a function that takes two lists of numbers,
    and determines whether it is possible to perform an exchange of elements
    between them to make lst1 a list of only even numbers.
    There is no limit on the number of exchanged elements between lst1 and lst2.
    If it is possible to exchange elements between the lst1 and lst2 to make
    all the elements of lst1 to be even, return ""YES"".
    Otherwise, return ""NO"".
    For example:
    exchange([1, 2, 3, 4], [1, 2, 3, 4]) => ""YES""
    exchange([1, 2, 3, 4], [1, 5, 3, 4]) => ""NO""
    It is assumed that the input lists will be non-empty.
    """"""
    return ""YES""


    # Test cases
    print(exchange([1, 2, 3, 4], [1, 2, 3, 4]))
    print(exchange([1, 2, 3, 4], [1, 5, 3, 4]))
    print(exchange([1, 2, 3, 4], [1, 2, 3, 4]))
    print(exchange([1, 2, 3, 4], [1, 2, 3, 4]))
",True,False,assertion_failed,"Traceback (most recent call last):
  File ""/tmp/tmplnvmoxr0/candidate_eval.py"", line 38, in <module>
    check(exchange)
  File ""/tmp/tmplnvmoxr0/candidate_eval.py"", line 28, in check
    assert candidate([1, 2, 3, 4], [1, 5, 3, 4]) == ""NO""
           ^^^^^^^^^^^^^^^^^^^^^^^^^^^^^^^^^^^^^^^^^^^^^
AssertionError",0.0595
HumanEval/111,deepseek_enhanced,histogram,"
def histogram(test):
    """"""Given a string representing a space separated lowercase letters, return a dictionary
    of the letter with the most repetition and containing the corresponding count.
    If several letters have the same occurrence, return all of them.
    
    Example:
    histogram('a b c') == {'a': 1, 'b': 1, 'c': 1}
    histogram('a b b a') == {'a': 2, 'b': 2}
    histogram('a b c a b') == {'a': 2, 'b': 2}
    histogram('b b b b a') == {'b': 4}
    histogram('') == {}

    """"""
","    # Do not change the function signature.
    # Do not change the function name.
    # Do not change the function parameters.
    # Do not change the function return type.
    # Do not change the function return value.
    # Do not change the function return value.
    # Do not change the function return value.
    # Do not change the function return value.
    # Do not change the function return value.
    # Do not change the function return value.
    # Do not change the function return value.
    # Do not change the function return value.","
def histogram(test):
    """"""Given a string representing a space separated lowercase letters, return a dictionary
    of the letter with the most repetition and containing the corresponding count.
    If several letters have the same occurrence, return all of them.
    
    Example:
    histogram('a b c') == {'a': 1, 'b': 1, 'c': 1}
    histogram('a b b a') == {'a': 2, 'b': 2}
    histogram('a b c a b') == {'a': 2, 'b': 2}
    histogram('b b b b a') == {'b': 4}
    histogram('') == {}

    """"""
    # Do not change the function signature.
    # Do not change the function name.
    # Do not change the function parameters.
    # Do not change the function return type.
    # Do not change the function return value.
    # Do not change the function return value.
    # Do not change the function return value.
    # Do not change the function return value.
    # Do not change the function return value.
    # Do not change the function return value.
    # Do not change the function return value.
    # Do not change the function return value.
",True,False,assertion_failed,"Traceback (most recent call last):
  File ""/tmp/tmpfo62u93i/candidate_eval.py"", line 44, in <module>
    check(histogram)
  File ""/tmp/tmpfo62u93i/candidate_eval.py"", line 31, in check
    assert candidate('a b b a') == {'a':2,'b': 2}, ""This prints if this assert fails 1 (good for debugging!)""
           ^^^^^^^^^^^^^^^^^^^^^^^^^^^^^^^^^^^^^^
AssertionError: This prints if this assert fails 1 (good for debugging!)",0.0544
HumanEval/112,deepseek_enhanced,reverse_delete,"
def reverse_delete(s,c):
    """"""Task
    We are given two strings s and c, you have to deleted all the characters in s that are equal to any character in c
    then check if the result string is palindrome.
    A string is called palindrome if it reads the same backward as forward.
    You should return a tuple containing the result string and True/False for the check.
    Example
    For s = ""abcde"", c = ""ae"", the result should be ('bcd',False)
    For s = ""abcdef"", c = ""b""  the result should be ('acdef',False)
    For s = ""abcdedcba"", c = ""ab"", the result should be ('cdedc',True)
    """"""
","    # Your code here
    # Your code here
    # Your code here
    # Your code here
    # Your code here
    # Your code here
    # Your code here
    # Your code here
    # Your code here
    # Your code here
    # Your code here
    # Your code here
    # Your code here
    # Your code here
    # Your code here
    # Your code here
    # Your code here
    # Your code here
    # Your code here
    # Your code here
    # Your code here
    #","
def reverse_delete(s,c):
    """"""Task
    We are given two strings s and c, you have to deleted all the characters in s that are equal to any character in c
    then check if the result string is palindrome.
    A string is called palindrome if it reads the same backward as forward.
    You should return a tuple containing the result string and True/False for the check.
    Example
    For s = ""abcde"", c = ""ae"", the result should be ('bcd',False)
    For s = ""abcdef"", c = ""b""  the result should be ('acdef',False)
    For s = ""abcdedcba"", c = ""ab"", the result should be ('cdedc',True)
    """"""
    # Your code here
    # Your code here
    # Your code here
    # Your code here
    # Your code here
    # Your code here
    # Your code here
    # Your code here
    # Your code here
    # Your code here
    # Your code here
    # Your code here
    # Your code here
    # Your code here
    # Your code here
    # Your code here
    # Your code here
    # Your code here
    # Your code here
    # Your code here
    # Your code here
    #
",True,False,assertion_failed,"Traceback (most recent call last):
  File ""/tmp/tmp7evc5vs7/candidate_eval.py"", line 48, in <module>
    check(reverse_delete)
  File ""/tmp/tmp7evc5vs7/candidate_eval.py"", line 38, in check
    assert candidate(""abcde"",""ae"") == ('bcd',False)
           ^^^^^^^^^^^^^^^^^^^^^^^^^^^^^^^^^^^^^^^^
AssertionError",0.0563
HumanEval/113,deepseek_enhanced,odd_count,"
def odd_count(lst):
    """"""Given a list of strings, where each string consists of only digits, return a list.
    Each element i of the output should be ""the number of odd elements in the
    string i of the input."" where all the i's should be replaced by the number
    of odd digits in the i'th string of the input.

    >>> odd_count(['1234567'])
    [""the number of odd elements 4n the str4ng 4 of the 4nput.""]
    >>> odd_count(['3',""11111111""])
    [""the number of odd elements 1n the str1ng 1 of the 1nput."",
     ""the number of odd elements 8n the str8ng 8 of the 8nput.""]
    """"""
","    return [f""the number of odd elements {len(i)}n the str{len(i)}g {len(i)} of the {len(i)}put."" for i in lst]


if __name__ == ""__main__"":
    import doctest
    doctest.testmod()","
def odd_count(lst):
    """"""Given a list of strings, where each string consists of only digits, return a list.
    Each element i of the output should be ""the number of odd elements in the
    string i of the input."" where all the i's should be replaced by the number
    of odd digits in the i'th string of the input.

    >>> odd_count(['1234567'])
    [""the number of odd elements 4n the str4ng 4 of the 4nput.""]
    >>> odd_count(['3',""11111111""])
    [""the number of odd elements 1n the str1ng 1 of the 1nput."",
     ""the number of odd elements 8n the str8ng 8 of the 8nput.""]
    """"""
    return [f""the number of odd elements {len(i)}n the str{len(i)}g {len(i)} of the {len(i)}put."" for i in lst]
",True,False,assertion_failed,"Traceback (most recent call last):
  File ""/tmp/tmp_bsbu9k_/candidate_eval.py"", line 31, in <module>
    check(odd_count)
  File ""/tmp/tmp_bsbu9k_/candidate_eval.py"", line 19, in check
    assert candidate(['1234567']) == [""the number of odd elements 4n the str4ng 4 of the 4nput.""], ""Test 1""
           ^^^^^^^^^^^^^^^^^^^^^^^^^^^^^^^^^^^^^^^^^^^^^^^^^^^^^^^^^^^^^^^^^^^^^^^^^^^^^^^^^^^^^^
AssertionError: Test 1",0.0829
HumanEval/114,deepseek_enhanced,minSubArraySum,"
def minSubArraySum(nums):
    """"""
    Given an array of integers nums, find the minimum sum of any non-empty sub-array
    of nums.
    Example
    minSubArraySum([2, 3, 4, 1, 2, 4]) == 1
    minSubArraySum([-1, -2, -3]) == -6
    """"""
","    pass


def main():
    """"""
    Main function to test the implementation.
    """"""
    print(minSubArraySum([2, 3, 4, 1, 2, 4]))
    print(minSubArraySum([-1, -2, -3]))


if __name__ == ""__main__"":
    main()","
def minSubArraySum(nums):
    """"""
    Given an array of integers nums, find the minimum sum of any non-empty sub-array
    of nums.
    Example
    minSubArraySum([2, 3, 4, 1, 2, 4]) == 1
    minSubArraySum([-1, -2, -3]) == -6
    """"""
    pass
",True,False,assertion_failed,"Traceback (most recent call last):
  File ""/tmp/tmp72o8_b6d/candidate_eval.py"", line 30, in <module>
    check(minSubArraySum)
  File ""/tmp/tmp72o8_b6d/candidate_eval.py"", line 15, in check
    assert candidate([2, 3, 4, 1, 2, 4]) == 1, ""This prints if this assert fails 1 (good for debugging!)""
           ^^^^^^^^^^^^^^^^^^^^^^^^^^^^^^^^^^
AssertionError: This prints if this assert fails 1 (good for debugging!)",0.0541
HumanEval/115,deepseek_enhanced,max_fill,"
def max_fill(grid, capacity):
    import math
    """"""
    You are given a rectangular grid of wells. Each row represents a single well,
    and each 1 in a row represents a single unit of water.
    Each well has a corresponding bucket that can be used to extract water from it, 
    and all buckets have the same capacity.
    Your task is to use the buckets to empty the wells.
    Output the number of times you need to lower the buckets.

    Example 1:
        Input: 
            grid : [[0,0,1,0], [0,1,0,0], [1,1,1,1]]
            bucket_capacity : 1
        Output: 6

    Example 2:
        Input: 
            grid : [[0,0,1,1], [0,0,0,0], [1,1,1,1], [0,1,1,1]]
            bucket_capacity : 2
        Output: 5
    
    Example 3:
        Input: 
            grid : [[0,0,0], [0,0,0]]
            bucket_capacity : 5
        Output: 0

    Constraints:
        * all wells have the same length
        * 1 <= grid.length <= 10^2
        * 1 <= grid[:,1].length <= 10^2
        * grid[i][j] -> 0 | 1
        * 1 <= capacity <= 10
    """"""
","    return 0


if __name__ == ""__main__"":
    # Test case 1
    grid = [[0,0,1,0], [0,1,0,0], [1,1,1,1]]
    capacity = 1
    print(max_fill(grid, capacity))

    # Test case 2
    grid = [[0,0,1,1], [0,0,0,0], [1,1,1,1], [0,1,1,1]]
    capacity = 2
    print","
def max_fill(grid, capacity):
    import math
    """"""
    You are given a rectangular grid of wells. Each row represents a single well,
    and each 1 in a row represents a single unit of water.
    Each well has a corresponding bucket that can be used to extract water from it, 
    and all buckets have the same capacity.
    Your task is to use the buckets to empty the wells.
    Output the number of times you need to lower the buckets.

    Example 1:
        Input: 
            grid : [[0,0,1,0], [0,1,0,0], [1,1,1,1]]
            bucket_capacity : 1
        Output: 6

    Example 2:
        Input: 
            grid : [[0,0,1,1], [0,0,0,0], [1,1,1,1], [0,1,1,1]]
            bucket_capacity : 2
        Output: 5
    
    Example 3:
        Input: 
            grid : [[0,0,0], [0,0,0]]
            bucket_capacity : 5
        Output: 0

    Constraints:
        * all wells have the same length
        * 1 <= grid.length <= 10^2
        * 1 <= grid[:,1].length <= 10^2
        * grid[i][j] -> 0 | 1
        * 1 <= capacity <= 10
    """"""
    return 0
",True,False,assertion_failed,"Traceback (most recent call last):
  File ""/tmp/tmp5edsduvk/candidate_eval.py"", line 54, in <module>
    check(max_fill)
  File ""/tmp/tmp5edsduvk/candidate_eval.py"", line 44, in check
    assert candidate([[0,0,1,0], [0,1,0,0], [1,1,1,1]], 1) == 6, ""Error""
           ^^^^^^^^^^^^^^^^^^^^^^^^^^^^^^^^^^^^^^^^^^^^^^^^^^^^
AssertionError: Error",0.0603
HumanEval/116,deepseek_enhanced,sort_array,"
def sort_array(arr):
    """"""
    In this Kata, you have to sort an array of non-negative integers according to
    number of ones in their binary representation in ascending order.
    For similar number of ones, sort based on decimal value.

    It must be implemented like this:
    >>> sort_array([1, 5, 2, 3, 4]) == [1, 2, 3, 4, 5]
    >>> sort_array([-2, -3, -4, -5, -6]) == [-6, -5, -4, -3, -2]
    >>> sort_array([1, 0, 2, 3, 4]) [0, 1, 2, 3, 4]
    """"""
","    return sorted(arr, key=lambda x: (bin(x).count('1'), x))


if __name__ == '__main__':
    import doctest
    doctest.testmod()","
def sort_array(arr):
    """"""
    In this Kata, you have to sort an array of non-negative integers according to
    number of ones in their binary representation in ascending order.
    For similar number of ones, sort based on decimal value.

    It must be implemented like this:
    >>> sort_array([1, 5, 2, 3, 4]) == [1, 2, 3, 4, 5]
    >>> sort_array([-2, -3, -4, -5, -6]) == [-6, -5, -4, -3, -2]
    >>> sort_array([1, 0, 2, 3, 4]) [0, 1, 2, 3, 4]
    """"""
    return sorted(arr, key=lambda x: (bin(x).count('1'), x))
",True,True,none,,0.0559
HumanEval/117,deepseek_enhanced,select_words,"
def select_words(s, n):
    """"""Given a string s and a natural number n, you have been tasked to implement 
    a function that returns a list of all words from string s that contain exactly 
    n consonants, in order these words appear in the string s.
    If the string s is empty then the function should return an empty list.
    Note: you may assume the input string contains only letters and spaces.
    Examples:
    select_words(""Mary had a little lamb"", 4) ==> [""little""]
    select_words(""Mary had a little lamb"", 3) ==> [""Mary"", ""lamb""]
    select_words(""simple white space"", 2) ==> []
    select_words(""Hello world"", 4) ==> [""world""]
    select_words(""Uncle sam"", 3) ==> [""Uncle""]
    """"""
","    return []


# Test cases
print(select_words(""Mary had a little lamb"", 4) ==> [""little""])
print(select_words(""Mary had a little lamb"", 3) ==> [""Mary"", ""lamb""])
print(select_words(""simple white space"", 2) ==> [])
print(select_words(""Hello world"", 4) ==> [""world""])
print(select_words(""Uncle sam"", 3) ==> [""Uncle""])","
def select_words(s, n):
    """"""Given a string s and a natural number n, you have been tasked to implement 
    a function that returns a list of all words from string s that contain exactly 
    n consonants, in order these words appear in the string s.
    If the string s is empty then the function should return an empty list.
    Note: you may assume the input string contains only letters and spaces.
    Examples:
    select_words(""Mary had a little lamb"", 4) ==> [""little""]
    select_words(""Mary had a little lamb"", 3) ==> [""Mary"", ""lamb""]
    select_words(""simple white space"", 2) ==> []
    select_words(""Hello world"", 4) ==> [""world""]
    select_words(""Uncle sam"", 3) ==> [""Uncle""]
    """"""
    return []


    # Test cases
    print(select_words(""Mary had a little lamb"", 4) ==> [""little""])
    print(select_words(""Mary had a little lamb"", 3) ==> [""Mary"", ""lamb""])
    print(select_words(""simple white space"", 2) ==> [])
    print(select_words(""Hello world"", 4) ==> [""world""])
    print(select_words(""Uncle sam"", 3) ==> [""Uncle""])
",False,False,syntax_error,"SyntaxError: invalid syntax (<unknown>, line 19)",0.0004
HumanEval/118,deepseek_enhanced,get_closest_vowel,"
def get_closest_vowel(word):
    """"""You are given a word. Your task is to find the closest vowel that stands between 
    two consonants from the right side of the word (case sensitive).
    
    Vowels in the beginning and ending doesn't count. Return empty string if you didn't
    find any vowel met the above condition. 

    You may assume that the given string contains English letter only.

    Example:
    get_closest_vowel(""yogurt"") ==> ""u""
    get_closest_vowel(""FULL"") ==> ""U""
    get_closest_vowel(""quick"") ==> """"
    get_closest_vowel(""ab"") ==> """"
    """"""
","    vowels = ""aeiou""
    vowels_list = []
    for i in range(len(word)):
        if word[i] in vowels:
            vowels_list.append(i)
    if len(vowels_list) == 0:
        return """"
    else:
        vowels_list.sort()
        return word[vowels_list[0]:vowels_list[-1]+1]


# Test Cases
print(get_closest_vowel(""yogurt","
def get_closest_vowel(word):
    """"""You are given a word. Your task is to find the closest vowel that stands between 
    two consonants from the right side of the word (case sensitive).
    
    Vowels in the beginning and ending doesn't count. Return empty string if you didn't
    find any vowel met the above condition. 

    You may assume that the given string contains English letter only.

    Example:
    get_closest_vowel(""yogurt"") ==> ""u""
    get_closest_vowel(""FULL"") ==> ""U""
    get_closest_vowel(""quick"") ==> """"
    get_closest_vowel(""ab"") ==> """"
    """"""
    vowels = ""aeiou""
    vowels_list = []
    for i in range(len(word)):
        if word[i] in vowels:
            vowels_list.append(i)
    if len(vowels_list) == 0:
        return """"
    else:
        vowels_list.sort()
        return word[vowels_list[0]:vowels_list[-1]+1]


    # Test Cases
    print(get_closest_vowel(""yogurt
",False,False,syntax_error,"SyntaxError: unterminated string literal (detected at line 30) (<unknown>, line 30)",0.0003
HumanEval/119,deepseek_enhanced,match_parens,"
def match_parens(lst):
    '''
    You are given a list of two strings, both strings consist of open
    parentheses '(' or close parentheses ')' only.
    Your job is to check if it is possible to concatenate the two strings in
    some order, that the resulting string will be good.
    A string S is considered to be good if and only if all parentheses in S
    are balanced. For example: the string '(())()' is good, while the string
    '())' is not.
    Return 'Yes' if there's a way to make a good string, and return 'No' otherwise.

    Examples:
    match_parens(['()(', ')']) == 'Yes'
    match_parens([')', ')']) == 'No'
    '''
","    return 'Yes'


def match_parens_2(lst):
    '''
    You are given a list of two strings, both strings consist of open
    parentheses '(' or close parentheses ')' only.
    Your job is to check if it is possible to concatenate the two strings in
    some order, that the resulting string will be good.
    A string S is considered to be good if and only if all parentheses in S
    are balanced. For example: the string '(())()' is good, while the string
   ","
def match_parens(lst):
    '''
    You are given a list of two strings, both strings consist of open
    parentheses '(' or close parentheses ')' only.
    Your job is to check if it is possible to concatenate the two strings in
    some order, that the resulting string will be good.
    A string S is considered to be good if and only if all parentheses in S
    are balanced. For example: the string '(())()' is good, while the string
    '())' is not.
    Return 'Yes' if there's a way to make a good string, and return 'No' otherwise.

    Examples:
    match_parens(['()(', ')']) == 'Yes'
    match_parens([')', ')']) == 'No'
    '''
    return 'Yes'
",True,False,assertion_failed,"Traceback (most recent call last):
  File ""/tmp/tmpr38bwh52/candidate_eval.py"", line 39, in <module>
    check(match_parens)
  File ""/tmp/tmpr38bwh52/candidate_eval.py"", line 23, in check
    assert candidate([')', ')']) == 'No'
           ^^^^^^^^^^^^^^^^^^^^^^^^^^^^^
AssertionError",0.055
HumanEval/120,deepseek_enhanced,maximum,"
def maximum(arr, k):
    """"""
    Given an array arr of integers and a positive integer k, return a sorted list 
    of length k with the maximum k numbers in arr.

    Example 1:

        Input: arr = [-3, -4, 5], k = 3
        Output: [-4, -3, 5]

    Example 2:

        Input: arr = [4, -4, 4], k = 2
        Output: [4, 4]

    Example 3:

        Input: arr = [-3, 2, 1, 2, -1, -2, 1], k = 1
        Output: [2]

    Note:
        1. The length of the array will be in the range of [1, 1000].
        2. The elements in the array will be in the range of [-1000, 1000].
        3. 0 <= k <= len(arr)
    """"""
","    return []


if __name__ == ""__main__"":
    # Test case 1
    arr = [-3, -4, 5]
    k = 3
    expected_output = [-4, -3, 5]
    actual_output = maximum(arr, k)
    print(f""Test case 1: {actual_output == expected_output}"")

    # Test case 2
    arr = [4, -4, 4]
    k = 2
    expected_output = [4, 4]
","
def maximum(arr, k):
    """"""
    Given an array arr of integers and a positive integer k, return a sorted list 
    of length k with the maximum k numbers in arr.

    Example 1:

        Input: arr = [-3, -4, 5], k = 3
        Output: [-4, -3, 5]

    Example 2:

        Input: arr = [4, -4, 4], k = 2
        Output: [4, 4]

    Example 3:

        Input: arr = [-3, 2, 1, 2, -1, -2, 1], k = 1
        Output: [2]

    Note:
        1. The length of the array will be in the range of [1, 1000].
        2. The elements in the array will be in the range of [-1000, 1000].
        3. 0 <= k <= len(arr)
    """"""
    return []
",True,False,assertion_failed,"Traceback (most recent call last):
  File ""/tmp/tmpq9r600n7/candidate_eval.py"", line 47, in <module>
    check(maximum)
  File ""/tmp/tmpq9r600n7/candidate_eval.py"", line 32, in check
    assert candidate([-3, -4, 5], 3) == [-4, -3, 5]
           ^^^^^^^^^^^^^^^^^^^^^^^^^^^^^^^^^^^^^^^^
AssertionError",0.0815
HumanEval/121,deepseek_enhanced,solution,"
def solution(lst):
    """"""Given a non-empty list of integers, return the sum of all of the odd elements that are in even positions.
    

    Examples
    solution([5, 8, 7, 1]) ==> 12
    solution([3, 3, 3, 3, 3]) ==> 9
    solution([30, 13, 24, 321]) ==>0
    """"""
","    return sum(lst[1::2])


# Test Cases
print(solution([5, 8, 7, 1]))
print(solution([3, 3, 3, 3, 3]))
print(solution([30, 13, 24, 321]))","
def solution(lst):
    """"""Given a non-empty list of integers, return the sum of all of the odd elements that are in even positions.
    

    Examples
    solution([5, 8, 7, 1]) ==> 12
    solution([3, 3, 3, 3, 3]) ==> 9
    solution([30, 13, 24, 321]) ==>0
    """"""
    return sum(lst[1::2])


    # Test Cases
    print(solution([5, 8, 7, 1]))
    print(solution([3, 3, 3, 3, 3]))
    print(solution([30, 13, 24, 321]))
",True,False,assertion_failed,"Traceback (most recent call last):
  File ""/tmp/tmp0irtz5rr/candidate_eval.py"", line 33, in <module>
    check(solution)
  File ""/tmp/tmp0irtz5rr/candidate_eval.py"", line 22, in check
    assert candidate([5, 8, 7, 1])    == 12
           ^^^^^^^^^^^^^^^^^^^^^^^^^^^^^^^^
AssertionError",0.0549
HumanEval/122,deepseek_enhanced,add_elements,"
def add_elements(arr, k):
    """"""
    Given a non-empty array of integers arr and an integer k, return
    the sum of the elements with at most two digits from the first k elements of arr.

    Example:

        Input: arr = [111,21,3,4000,5,6,7,8,9], k = 4
        Output: 24 # sum of 21 + 3

    Constraints:
        1. 1 <= len(arr) <= 100
        2. 1 <= k <= len(arr)
    """"""
","    pass


if __name__ == ""__main__"":
    arr = [111, 21, 3, 4000, 5, 6, 7, 8, 9]
    k = 4
    print(add_elements(arr, k))","
def add_elements(arr, k):
    """"""
    Given a non-empty array of integers arr and an integer k, return
    the sum of the elements with at most two digits from the first k elements of arr.

    Example:

        Input: arr = [111,21,3,4000,5,6,7,8,9], k = 4
        Output: 24 # sum of 21 + 3

    Constraints:
        1. 1 <= len(arr) <= 100
        2. 1 <= k <= len(arr)
    """"""
    pass
",True,False,assertion_failed,"Traceback (most recent call last):
  File ""/tmp/tmpettg9o03/candidate_eval.py"", line 30, in <module>
    check(add_elements)
  File ""/tmp/tmpettg9o03/candidate_eval.py"", line 21, in check
    assert candidate([1,-2,-3,41,57,76,87,88,99], 3) == -4
           ^^^^^^^^^^^^^^^^^^^^^^^^^^^^^^^^^^^^^^^^^^^^^^^
AssertionError",0.0542
HumanEval/123,deepseek_enhanced,get_odd_collatz,"
def get_odd_collatz(n):
    """"""
    Given a positive integer n, return a sorted list that has the odd numbers in collatz sequence.

    The Collatz conjecture is a conjecture in mathematics that concerns a sequence defined
    as follows: start with any positive integer n. Then each term is obtained from the 
    previous term as follows: if the previous term is even, the next term is one half of 
    the previous term. If the previous term is odd, the next term is 3 times the previous
    term plus 1. The conjecture is that no matter what value of n, the sequence will always reach 1.

    Note: 
        1. Collatz(1) is [1].
        2. returned list sorted in increasing order.

    For example:
    get_odd_collatz(5) returns [1, 5] # The collatz sequence for 5 is [5, 16, 8, 4, 2, 1], so the odd numbers are only 1, and 5.
    """"""
","    return []


def get_even_collatz(n):
    """"""
    Given a positive integer n, return a sorted list that has the even numbers in collatz sequence.

    The Collatz conjecture is a conjecture in mathematics that concerns a sequence defined
    as follows: start with any positive integer n. Then each term is obtained from the 
    previous term as follows: if the previous term is even, the next term is one half of 
    the previous term. If the previous term is odd, the next term is 3 times the previous
    term plus","
def get_odd_collatz(n):
    """"""
    Given a positive integer n, return a sorted list that has the odd numbers in collatz sequence.

    The Collatz conjecture is a conjecture in mathematics that concerns a sequence defined
    as follows: start with any positive integer n. Then each term is obtained from the 
    previous term as follows: if the previous term is even, the next term is one half of 
    the previous term. If the previous term is odd, the next term is 3 times the previous
    term plus 1. The conjecture is that no matter what value of n, the sequence will always reach 1.

    Note: 
        1. Collatz(1) is [1].
        2. returned list sorted in increasing order.

    For example:
    get_odd_collatz(5) returns [1, 5] # The collatz sequence for 5 is [5, 16, 8, 4, 2, 1], so the odd numbers are only 1, and 5.
    """"""
    return []
",True,False,assertion_failed,"Traceback (most recent call last):
  File ""/tmp/tmpfk94qtzk/candidate_eval.py"", line 32, in <module>
    check(get_odd_collatz)
  File ""/tmp/tmpfk94qtzk/candidate_eval.py"", line 24, in check
    assert candidate(14) == [1, 5, 7, 11, 13, 17]
           ^^^^^^^^^^^^^^^^^^^^^^^^^^^^^^^^^^^^^^
AssertionError",0.0542
HumanEval/124,deepseek_enhanced,valid_date,"
def valid_date(date):
    """"""You have to write a function which validates a given date string and
    returns True if the date is valid otherwise False.
    The date is valid if all of the following rules are satisfied:
    1. The date string is not empty.
    2. The number of days is not less than 1 or higher than 31 days for months 1,3,5,7,8,10,12. And the number of days is not less than 1 or higher than 30 days for months 4,6,9,11. And, the number of days is not less than 1 or higher than 29 for the month 2.
    3. The months should not be less than 1 or higher than 12.
    4. The date should be in the format: mm-dd-yyyy

    for example: 
    valid_date('03-11-2000') => True

    valid_date('15-01-2012') => False

    valid_date('04-0-2040') => False

    valid_date('06-04-2020') => True

    valid_date('06/04/2020') => False
    """"""
","    pass


def valid_date_2(date):
    """"""You have to write a function which validates a given date string and
    returns True if the date is valid otherwise False.
    The date is valid if all of the following rules are satisfied:
    1. The date string is not empty.
    2. The number of days is not less than 1 or higher than 31 days for months 1,3,5,7,8,10,12. And the number of days is not less than 1 or higher than 30 days for","
def valid_date(date):
    """"""You have to write a function which validates a given date string and
    returns True if the date is valid otherwise False.
    The date is valid if all of the following rules are satisfied:
    1. The date string is not empty.
    2. The number of days is not less than 1 or higher than 31 days for months 1,3,5,7,8,10,12. And the number of days is not less than 1 or higher than 30 days for months 4,6,9,11. And, the number of days is not less than 1 or higher than 29 for the month 2.
    3. The months should not be less than 1 or higher than 12.
    4. The date should be in the format: mm-dd-yyyy

    for example: 
    valid_date('03-11-2000') => True

    valid_date('15-01-2012') => False

    valid_date('04-0-2040') => False

    valid_date('06-04-2020') => True

    valid_date('06/04/2020') => False
    """"""
    pass
",True,False,assertion_failed,"Traceback (most recent call last):
  File ""/tmp/tmpziomat1t/candidate_eval.py"", line 59, in <module>
    check(valid_date)
  File ""/tmp/tmpziomat1t/candidate_eval.py"", line 27, in check
    assert candidate('03-11-2000') == True
           ^^^^^^^^^^^^^^^^^^^^^^^^^^^^^^^
AssertionError",0.0857
HumanEval/125,deepseek_enhanced,split_words,"
def split_words(txt):
    '''
    Given a string of words, return a list of words split on whitespace, if no whitespaces exists in the text you
    should split on commas ',' if no commas exists you should return the number of lower-case letters with odd order in the
    alphabet, ord('a') = 0, ord('b') = 1, ... ord('z') = 25
    Examples
    split_words(""Hello world!"") ➞ [""Hello"", ""world!""]
    split_words(""Hello,world!"") ➞ [""Hello"", ""world!""]
    split_words(""abcdef"") == 3 
    '''
","    if ' ' in txt:
        return txt.split()
    elif ',' in txt:
        return len([i for i in txt if i.islower() and i.isalpha() and i.isupper() and i.islower() and i.isalpha() and i.isupper() and i.islower() and i.isalpha() and i.isupper() and i.islower() and i.isalpha() and i.isupper() and i.islower() and i.isalpha() and i.isupper() and i.islower()","
def split_words(txt):
    '''
    Given a string of words, return a list of words split on whitespace, if no whitespaces exists in the text you
    should split on commas ',' if no commas exists you should return the number of lower-case letters with odd order in the
    alphabet, ord('a') = 0, ord('b') = 1, ... ord('z') = 25
    Examples
    split_words(""Hello world!"") ➞ [""Hello"", ""world!""]
    split_words(""Hello,world!"") ➞ [""Hello"", ""world!""]
    split_words(""abcdef"") == 3 
    '''
    if ' ' in txt:
        return txt.split()
    elif ',' in txt:
        return len([i for i in txt if i.islower() and i.isalpha() and i.isupper() and i.islower() and i.isalpha() and i.isupper() and i.islower() and i.isalpha() and i.isupper() and i.islower() and i.isalpha() and i.isupper() and i.islower() and i.isalpha() and i.isupper() and i.islower()
",False,False,syntax_error,"SyntaxError: '[' was never closed (<unknown>, line 15)",0.0003
HumanEval/126,deepseek_enhanced,is_sorted,"
def is_sorted(lst):
    '''
    Given a list of numbers, return whether or not they are sorted
    in ascending order. If list has more than 1 duplicate of the same
    number, return False. Assume no negative numbers and only integers.

    Examples
    is_sorted([5]) ➞ True
    is_sorted([1, 2, 3, 4, 5]) ➞ True
    is_sorted([1, 3, 2, 4, 5]) ➞ False
    is_sorted([1, 2, 3, 4, 5, 6]) ➞ True
    is_sorted([1, 2, 3, 4, 5, 6, 7]) ➞ True
    is_sorted([1, 3, 2, 4, 5, 6, 7]) ➞ False
    is_sorted([1, 2, 2, 3, 3, 4]) ➞ True
    is_sorted([1, 2, 2, 2, 3, 4]) ➞ False
    '''
","    return True


# Test Cases
print(is_sorted([5]))
print(is_sorted([1, 2, 3, 4, 5]))
print(is_sorted([1, 3, 2, 4, 5]))
print(is_sorted([1, 2, 3, 4, 5, 6]))
print(is_sorted([1, 2, 3, 4, 5, 6, 7]))
print(is_sorted([1, ","
def is_sorted(lst):
    '''
    Given a list of numbers, return whether or not they are sorted
    in ascending order. If list has more than 1 duplicate of the same
    number, return False. Assume no negative numbers and only integers.

    Examples
    is_sorted([5]) ➞ True
    is_sorted([1, 2, 3, 4, 5]) ➞ True
    is_sorted([1, 3, 2, 4, 5]) ➞ False
    is_sorted([1, 2, 3, 4, 5, 6]) ➞ True
    is_sorted([1, 2, 3, 4, 5, 6, 7]) ➞ True
    is_sorted([1, 3, 2, 4, 5, 6, 7]) ➞ False
    is_sorted([1, 2, 2, 3, 3, 4]) ➞ True
    is_sorted([1, 2, 2, 2, 3, 4]) ➞ False
    '''
    return True


    # Test Cases
    print(is_sorted([5]))
    print(is_sorted([1, 2, 3, 4, 5]))
    print(is_sorted([1, 3, 2, 4, 5]))
    print(is_sorted([1, 2, 3, 4, 5, 6]))
    print(is_sorted([1, 2, 3, 4, 5, 6, 7]))
    print(is_sorted([1,
",False,False,syntax_error,"SyntaxError: '[' was never closed (<unknown>, line 27)",0.0003
HumanEval/127,deepseek_enhanced,intersection,"
def intersection(interval1, interval2):
    """"""You are given two intervals,
    where each interval is a pair of integers. For example, interval = (start, end) = (1, 2).
    The given intervals are closed which means that the interval (start, end)
    includes both start and end.
    For each given interval, it is assumed that its start is less or equal its end.
    Your task is to determine whether the length of intersection of these two 
    intervals is a prime number.
    Example, the intersection of the intervals (1, 3), (2, 4) is (2, 3)
    which its length is 1, which not a prime number.
    If the length of the intersection is a prime number, return ""YES"",
    otherwise, return ""NO"".
    If the two intervals don't intersect, return ""NO"".


    [input/output] samples:
    intersection((1, 2), (2, 3)) ==> ""NO""
    intersection((-1, 1), (0, 4)) ==> ""NO""
    intersection((-3, -1), (-5, 5)) ==> ""YES""
    """"""
","    if interval1[0] > interval2[1] or interval1[1] < interval2[0]:
        return ""NO""
    else:
        return ""YES""


def intersection_2(interval1, interval2):
    """"""You are given two intervals,
    where each interval is a pair of integers. For example, interval = (start, end) = (1, 2).
    The given intervals are closed which means that the interval (start, end)
    includes both start and end.
    For each given interval, it is assumed","
def intersection(interval1, interval2):
    """"""You are given two intervals,
    where each interval is a pair of integers. For example, interval = (start, end) = (1, 2).
    The given intervals are closed which means that the interval (start, end)
    includes both start and end.
    For each given interval, it is assumed that its start is less or equal its end.
    Your task is to determine whether the length of intersection of these two 
    intervals is a prime number.
    Example, the intersection of the intervals (1, 3), (2, 4) is (2, 3)
    which its length is 1, which not a prime number.
    If the length of the intersection is a prime number, return ""YES"",
    otherwise, return ""NO"".
    If the two intervals don't intersect, return ""NO"".


    [input/output] samples:
    intersection((1, 2), (2, 3)) ==> ""NO""
    intersection((-1, 1), (0, 4)) ==> ""NO""
    intersection((-3, -1), (-5, 5)) ==> ""YES""
    """"""
    if interval1[0] > interval2[1] or interval1[1] < interval2[0]:
        return ""NO""
    else:
        return ""YES""
",True,False,assertion_failed,"Traceback (most recent call last):
  File ""/tmp/tmpcvnej1oa/candidate_eval.py"", line 42, in <module>
    check(intersection)
  File ""/tmp/tmpcvnej1oa/candidate_eval.py"", line 30, in check
    assert candidate((1, 2), (2, 3)) == ""NO""
           ^^^^^^^^^^^^^^^^^^^^^^^^^^^^^^^^^
AssertionError",0.0765
HumanEval/128,deepseek_enhanced,prod_signs,"
def prod_signs(arr):
    """"""
    You are given an array arr of integers and you need to return
    sum of magnitudes of integers multiplied by product of all signs
    of each number in the array, represented by 1, -1 or 0.
    Note: return None for empty arr.

    Example:
    >>> prod_signs([1, 2, 2, -4]) == -9
    >>> prod_signs([0, 1]) == 0
    >>> prod_signs([]) == None
    """"""
","    pass


def prod_signs_2(arr):
    """"""
    You are given an array arr of integers and you need to return
    sum of magnitudes of integers multiplied by product of all signs
    of each number in the array, represented by 1, -1 or 0.
    Note: return None for empty arr.

    Example:
    >>> prod_signs_2([1, 2, 2, -4]) == -9
    >>> prod_signs_2([0, 1]) == 0
    >>> prod","
def prod_signs(arr):
    """"""
    You are given an array arr of integers and you need to return
    sum of magnitudes of integers multiplied by product of all signs
    of each number in the array, represented by 1, -1 or 0.
    Note: return None for empty arr.

    Example:
    >>> prod_signs([1, 2, 2, -4]) == -9
    >>> prod_signs([0, 1]) == 0
    >>> prod_signs([]) == None
    """"""
    pass
",True,False,assertion_failed,"Traceback (most recent call last):
  File ""/tmp/tmpul643zno/candidate_eval.py"", line 33, in <module>
    check(prod_signs)
  File ""/tmp/tmpul643zno/candidate_eval.py"", line 20, in check
    assert candidate([1, 2, 2, -4]) == -9
           ^^^^^^^^^^^^^^^^^^^^^^^^^^^^^^
AssertionError",0.0544
HumanEval/129,deepseek_enhanced,minPath,"
def minPath(grid, k):
    """"""
    Given a grid with N rows and N columns (N >= 2) and a positive integer k, 
    each cell of the grid contains a value. Every integer in the range [1, N * N]
    inclusive appears exactly once on the cells of the grid.

    You have to find the minimum path of length k in the grid. You can start
    from any cell, and in each step you can move to any of the neighbor cells,
    in other words, you can go to cells which share an edge with you current
    cell.
    Please note that a path of length k means visiting exactly k cells (not
    necessarily distinct).
    You CANNOT go off the grid.
    A path A (of length k) is considered less than a path B (of length k) if
    after making the ordered lists of the values on the cells that A and B go
    through (let's call them lst_A and lst_B), lst_A is lexicographically less
    than lst_B, in other words, there exist an integer index i (1 <= i <= k)
    such that lst_A[i] < lst_B[i] and for any j (1 <= j < i) we have
    lst_A[j] = lst_B[j].
    It is guaranteed that the answer is unique.
    Return an ordered list of the values on the cells that the minimum path go through.

    Examples:

        Input: grid = [ [1,2,3], [4,5,6], [7,8,9]], k = 3
        Output: [1, 2, 1]

        Input: grid = [ [5,9,3], [4,1,6], [7,8,2]], k = 1
        Output: [1]
    """"""
","    return []


if __name__ == ""__main__"":
    # Test case 1
    grid = [[1, 2, 3], [4, 5, 6], [7, 8, 9]]
    k = 3
    print(minPath(grid, k))

    # Test case 2
    grid = [[5, 9, 3], [4, 1, 6], [7, 8, 2]]
    k = 1
    print(minPath(grid, k))","
def minPath(grid, k):
    """"""
    Given a grid with N rows and N columns (N >= 2) and a positive integer k, 
    each cell of the grid contains a value. Every integer in the range [1, N * N]
    inclusive appears exactly once on the cells of the grid.

    You have to find the minimum path of length k in the grid. You can start
    from any cell, and in each step you can move to any of the neighbor cells,
    in other words, you can go to cells which share an edge with you current
    cell.
    Please note that a path of length k means visiting exactly k cells (not
    necessarily distinct).
    You CANNOT go off the grid.
    A path A (of length k) is considered less than a path B (of length k) if
    after making the ordered lists of the values on the cells that A and B go
    through (let's call them lst_A and lst_B), lst_A is lexicographically less
    than lst_B, in other words, there exist an integer index i (1 <= i <= k)
    such that lst_A[i] < lst_B[i] and for any j (1 <= j < i) we have
    lst_A[j] = lst_B[j].
    It is guaranteed that the answer is unique.
    Return an ordered list of the values on the cells that the minimum path go through.

    Examples:

        Input: grid = [ [1,2,3], [4,5,6], [7,8,9]], k = 3
        Output: [1, 2, 1]

        Input: grid = [ [5,9,3], [4,1,6], [7,8,2]], k = 1
        Output: [1]
    """"""
    return []
",True,False,assertion_failed,"Traceback (most recent call last):
  File ""/tmp/tmpsfnijs7p/candidate_eval.py"", line 53, in <module>
    check(minPath)
  File ""/tmp/tmpsfnijs7p/candidate_eval.py"", line 38, in check
    assert candidate([[1, 2, 3], [4, 5, 6], [7, 8, 9]], 3) == [1, 2, 1]
           ^^^^^^^^^^^^^^^^^^^^^^^^^^^^^^^^^^^^^^^^^^^^^^^^^^^^^^^^^^^^
AssertionError",0.0566
HumanEval/130,deepseek_enhanced,tri,"
def tri(n):
    """"""Everyone knows Fibonacci sequence, it was studied deeply by mathematicians in 
    the last couple centuries. However, what people don't know is Tribonacci sequence.
    Tribonacci sequence is defined by the recurrence:
    tri(1) = 3
    tri(n) = 1 + n / 2, if n is even.
    tri(n) =  tri(n - 1) + tri(n - 2) + tri(n + 1), if n is odd.
    For example:
    tri(2) = 1 + (2 / 2) = 2
    tri(4) = 3
    tri(3) = tri(2) + tri(1) + tri(4)
           = 2 + 3 + 3 = 8 
    You are given a non-negative integer number n, you have to a return a list of the 
    first n + 1 numbers of the Tribonacci sequence.
    Examples:
    tri(3) = [1, 3, 2, 8]
    """"""
","    if n == 0:
        return [0]
    elif n == 1:
        return [1]
    elif n == 2:
        return [1, 3]
    else:
        lst = [1, 3, 2]
        for i in range(3, n):
            lst.append(lst[i - 1] + lst[i - 2] + lst[i - 3])
        return lst


# Testing
print(tri(0))
print(tri(1))","
def tri(n):
    """"""Everyone knows Fibonacci sequence, it was studied deeply by mathematicians in 
    the last couple centuries. However, what people don't know is Tribonacci sequence.
    Tribonacci sequence is defined by the recurrence:
    tri(1) = 3
    tri(n) = 1 + n / 2, if n is even.
    tri(n) =  tri(n - 1) + tri(n - 2) + tri(n + 1), if n is odd.
    For example:
    tri(2) = 1 + (2 / 2) = 2
    tri(4) = 3
    tri(3) = tri(2) + tri(1) + tri(4)
           = 2 + 3 + 3 = 8 
    You are given a non-negative integer number n, you have to a return a list of the 
    first n + 1 numbers of the Tribonacci sequence.
    Examples:
    tri(3) = [1, 3, 2, 8]
    """"""
    if n == 0:
        return [0]
    elif n == 1:
        return [1]
    elif n == 2:
        return [1, 3]
    else:
        lst = [1, 3, 2]
        for i in range(3, n):
            lst.append(lst[i - 1] + lst[i - 2] + lst[i - 3])
        return lst


    # Testing
    print(tri(0))
    print(tri(1))
",True,False,assertion_failed,"Traceback (most recent call last):
  File ""/tmp/tmpl_90rlr9/candidate_eval.py"", line 53, in <module>
    check(tri)
  File ""/tmp/tmpl_90rlr9/candidate_eval.py"", line 40, in check
    assert candidate(3) == [1, 3, 2.0, 8.0]
           ^^^^^^^^^^^^^^^^^^^^^^^^^^^^^^^^
AssertionError",0.0814
HumanEval/131,deepseek_enhanced,digits,"
def digits(n):
    """"""Given a positive integer n, return the product of the odd digits.
    Return 0 if all digits are even.
    For example:
    digits(1)  == 1
    digits(4)  == 0
    digits(235) == 15
    """"""
","    # Your code here
    if n == 0:
        return 0
    else:
        return digits(n//10) + n%10 if n%2 == 1 else digits(n//10)


def digits_recursive(n):
    """"""Given a positive integer n, return the product of the odd digits.
    Return 0 if all digits are even.
    For example:
    digits(1)  == 1
    digits(4)  == 0
    digits(2","
def digits(n):
    """"""Given a positive integer n, return the product of the odd digits.
    Return 0 if all digits are even.
    For example:
    digits(1)  == 1
    digits(4)  == 0
    digits(235) == 15
    """"""
    # Your code here
    if n == 0:
        return 0
    else:
        return digits(n//10) + n%10 if n%2 == 1 else digits(n//10)
",True,False,assertion_failed,"Traceback (most recent call last):
  File ""/tmp/tmprpn0o1xw/candidate_eval.py"", line 30, in <module>
    check(digits)
  File ""/tmp/tmprpn0o1xw/candidate_eval.py"", line 22, in check
    assert candidate(5014) == 5
           ^^^^^^^^^^^^^^^^^^^^
AssertionError",0.056
HumanEval/132,deepseek_enhanced,is_nested,"
def is_nested(string):
    '''
    Create a function that takes a string as input which contains only square brackets.
    The function should return True if and only if there is a valid subsequence of brackets 
    where at least one bracket in the subsequence is nested.

    is_nested('[[]]') ➞ True
    is_nested('[]]]]]]][[[[[]') ➞ False
    is_nested('[][]') ➞ False
    is_nested('[]') ➞ False
    is_nested('[[][]]') ➞ True
    is_nested('[[]][[') ➞ True
    '''
","    pass


# Test Cases
print(is_nested('[[]]'))
print(is_nested('[]]]]]]][[[[[]'))
print(is_nested('[]]]]]]][[[[[]'))
print(is_nested('[][]'))
print(is_nested('[]'))
print(is_nested('[[][]]'))
print(is_nested('[[]][['))
print(is_nested('[[]][[]'))
print(is_nested('[[]][[]'))","
def is_nested(string):
    '''
    Create a function that takes a string as input which contains only square brackets.
    The function should return True if and only if there is a valid subsequence of brackets 
    where at least one bracket in the subsequence is nested.

    is_nested('[[]]') ➞ True
    is_nested('[]]]]]]][[[[[]') ➞ False
    is_nested('[][]') ➞ False
    is_nested('[]') ➞ False
    is_nested('[[][]]') ➞ True
    is_nested('[[]][[') ➞ True
    '''
    pass


    # Test Cases
    print(is_nested('[[]]'))
    print(is_nested('[]]]]]]][[[[[]'))
    print(is_nested('[]]]]]]][[[[[]'))
    print(is_nested('[][]'))
    print(is_nested('[]'))
    print(is_nested('[[][]]'))
    print(is_nested('[[]][['))
    print(is_nested('[[]][[]'))
    print(is_nested('[[]][[]'))
",True,False,runtime_error,"Traceback (most recent call last):
  File ""/tmp/tmp0nxde5fv/candidate_eval.py"", line 50, in <module>
    check(is_nested)
  File ""/tmp/tmp0nxde5fv/candidate_eval.py"", line 32, in check
    assert candidate('[[]]') == True, ""This prints if this assert fails 1 (good for debugging!)""
           ^^^^^^^^^^^^^^^^^
  File ""/tmp/tmp0nxde5fv/candidate_eval.py"", line 19, in is_nested
    print(is_nested('[[]]'))
          ^^^^^^^^^^^^^^^^^
  File ""/tmp/tmp0nxde5fv/candidate_eval.py"", line 19, in is_nested
    print(is_nested('[[]]'))
          ^^^^^^^^^^^^^^^^^
  File ""/tmp/tmp0nxde5fv/candidate_eval.py"", line 19, in is_nested
    print(is_nested('[[]]'))
          ^^^^^^^^^^^^^^^^^
  [Previous line repeated 995 more times]
RecursionError: maximum recursion depth exceeded",0.0579
HumanEval/133,deepseek_enhanced,sum_squares,"

def sum_squares(lst):
    """"""You are given a list of numbers.
    You need to return the sum of squared numbers in the given list,
    round each element in the list to the upper int(Ceiling) first.
    Examples:
    For lst = [1,2,3] the output should be 14
    For lst = [1,4,9] the output should be 98
    For lst = [1,3,5,7] the output should be 84
    For lst = [1.4,4.2,0] the output should be 29
    For lst = [-2.4,1,1] the output should be 6
    

    """"""
","    return sum([int(round(i**2)) for i in lst])


def sum_squares(lst):
    """"""You are given a list of numbers.
    You need to return the sum of squared numbers in the given list,
    round each element in the list to the upper int(Ceiling) first.
    Examples:
    For lst = [1,2,3] the output should be 14
    For lst = [1,4,9] the output should be 98
    For lst = [","

def sum_squares(lst):
    """"""You are given a list of numbers.
    You need to return the sum of squared numbers in the given list,
    round each element in the list to the upper int(Ceiling) first.
    Examples:
    For lst = [1,2,3] the output should be 14
    For lst = [1,4,9] the output should be 98
    For lst = [1,3,5,7] the output should be 84
    For lst = [1.4,4.2,0] the output should be 29
    For lst = [-2.4,1,1] the output should be 6
    

    """"""
    return sum([int(round(i**2)) for i in lst])
",True,False,assertion_failed,"Traceback (most recent call last):
  File ""/tmp/tmpcof8k1pr/candidate_eval.py"", line 39, in <module>
    check(sum_squares)
  File ""/tmp/tmpcof8k1pr/candidate_eval.py"", line 24, in check
    assert candidate([1.4,4.2,0])==29, ""This prints if this assert fails 1 (good for debugging!)""
           ^^^^^^^^^^^^^^^^^^^^^^^^^^
AssertionError: This prints if this assert fails 1 (good for debugging!)",0.0784
HumanEval/134,deepseek_enhanced,check_if_last_char_is_a_letter,"
def check_if_last_char_is_a_letter(txt):
    '''
    Create a function that returns True if the last character
    of a given string is an alphabetical character and is not
    a part of a word, and False otherwise.
    Note: ""word"" is a group of characters separated by space.

    Examples:
    check_if_last_char_is_a_letter(""apple pie"") ➞ False
    check_if_last_char_is_a_letter(""apple pi e"") ➞ True
    check_if_last_char_is_a_letter(""apple pi e "") ➞ False
    check_if_last_char_is_a_letter("""") ➞ False 
    '''
","    if len(txt) == 0:
        return False
    elif txt[-1].isalpha() and txt[-2] != ' ':
        return True
    else:
        return False


# Testing the function.
print(check_if_last_char_is_a_letter(""apple pie""))
print(check_if_last_char_is_a_letter(""apple pi e""))
print(check_if_last_char_is_a_letter(""apple pi e ""))
print(check_if_last_char_is","
def check_if_last_char_is_a_letter(txt):
    '''
    Create a function that returns True if the last character
    of a given string is an alphabetical character and is not
    a part of a word, and False otherwise.
    Note: ""word"" is a group of characters separated by space.

    Examples:
    check_if_last_char_is_a_letter(""apple pie"") ➞ False
    check_if_last_char_is_a_letter(""apple pi e"") ➞ True
    check_if_last_char_is_a_letter(""apple pi e "") ➞ False
    check_if_last_char_is_a_letter("""") ➞ False 
    '''
    if len(txt) == 0:
        return False
    elif txt[-1].isalpha() and txt[-2] != ' ':
        return True
    else:
        return False


    # Testing the function.
    print(check_if_last_char_is_a_letter(""apple pie""))
    print(check_if_last_char_is_a_letter(""apple pi e""))
    print(check_if_last_char_is_a_letter(""apple pi e ""))
    print(check_if_last_char_is
",False,False,syntax_error,"SyntaxError: '(' was never closed (<unknown>, line 27)",0.0003
HumanEval/135,deepseek_enhanced,can_arrange,"
def can_arrange(arr):
    """"""Create a function which returns the largest index of an element which
    is not greater than or equal to the element immediately preceding it. If
    no such element exists then return -1. The given array will not contain
    duplicate values.

    Examples:
    can_arrange([1,2,4,3,5]) = 3
    can_arrange([1,2,3]) = -1
    """"""
","    pass


def can_arrange_2(arr):
    """"""Create a function which returns the largest index of an element which
    is not greater than or equal to the element immediately preceding it. If
    no such element exists then return -1. The given array will not contain
    duplicate values.

    Examples:
    can_arrange([1,2,4,3,5]) = 3
    can_arrange([1,2,3]) = -1
    """"""
    # Complete the function implementation. Return the required value.
    pass
","
def can_arrange(arr):
    """"""Create a function which returns the largest index of an element which
    is not greater than or equal to the element immediately preceding it. If
    no such element exists then return -1. The given array will not contain
    duplicate values.

    Examples:
    can_arrange([1,2,4,3,5]) = 3
    can_arrange([1,2,3]) = -1
    """"""
    pass
",True,False,assertion_failed,"Traceback (most recent call last):
  File ""/tmp/tmp928vt_4_/candidate_eval.py"", line 26, in <module>
    check(can_arrange)
  File ""/tmp/tmp928vt_4_/candidate_eval.py"", line 17, in check
    assert candidate([1,2,4,3,5])==3
           ^^^^^^^^^^^^^^^^^^^^^^^^^
AssertionError",0.0575
HumanEval/136,deepseek_enhanced,largest_smallest_integers,"
def largest_smallest_integers(lst):
    '''
    Create a function that returns a tuple (a, b), where 'a' is
    the largest of negative integers, and 'b' is the smallest
    of positive integers in a list.
    If there is no negative or positive integers, return them as None.

    Examples:
    largest_smallest_integers([2, 4, 1, 3, 5, 7]) == (None, 1)
    largest_smallest_integers([]) == (None, None)
    largest_smallest_integers([0]) == (None, None)
    '''
","    if len(lst) == 0:
        return (None, None)
    elif len(lst) == 1:
        return (None, lst[0])
    else:
        neg_lst = []
        pos_lst = []
        for i in lst:
            if i < 0:
                neg_lst.append(i)
            else:
                pos_lst.append(i)
        if len(neg_lst) == 0:
            return (None, min(pos_lst))
","
def largest_smallest_integers(lst):
    '''
    Create a function that returns a tuple (a, b), where 'a' is
    the largest of negative integers, and 'b' is the smallest
    of positive integers in a list.
    If there is no negative or positive integers, return them as None.

    Examples:
    largest_smallest_integers([2, 4, 1, 3, 5, 7]) == (None, 1)
    largest_smallest_integers([]) == (None, None)
    largest_smallest_integers([0]) == (None, None)
    '''
    if len(lst) == 0:
        return (None, None)
    elif len(lst) == 1:
        return (None, lst[0])
    else:
        neg_lst = []
        pos_lst = []
        for i in lst:
            if i < 0:
                neg_lst.append(i)
            else:
                pos_lst.append(i)
        if len(neg_lst) == 0:
            return (None, min(pos_lst))
",True,False,assertion_failed,"Traceback (most recent call last):
  File ""/tmp/tmpg484bivh/candidate_eval.py"", line 47, in <module>
    check(largest_smallest_integers)
  File ""/tmp/tmpg484bivh/candidate_eval.py"", line 33, in check
    assert candidate([2, 4, 1, 3, 5, 7, 0]) == (None, 1)
           ^^^^^^^^^^^^^^^^^^^^^^^^^^^^^^^^^^^^^^^^^^^^^
AssertionError",0.0804
HumanEval/137,deepseek_enhanced,compare_one,"
def compare_one(a, b):
    """"""
    Create a function that takes integers, floats, or strings representing
    real numbers, and returns the larger variable in its given variable type.
    Return None if the values are equal.
    Note: If a real number is represented as a string, the floating point might be . or ,

    compare_one(1, 2.5) ➞ 2.5
    compare_one(1, ""2,3"") ➞ ""2,3""
    compare_one(""5,1"", ""6"") ➞ ""6""
    compare_one(""1"", 1) ➞ None
    """"""
","    if a > b:
        return a
    elif a < b:
        return b
    else:
        return None


def compare_two(a, b):
    """"""
    Create a function that takes integers, floats, or strings representing
    real numbers, and returns the larger variable in its given variable type.
    Return None if the values are equal.
    Note: If a real number is represented as a string, the floating point might be . or ,

    compare_two(1, 2.5) ➞ 2.","
def compare_one(a, b):
    """"""
    Create a function that takes integers, floats, or strings representing
    real numbers, and returns the larger variable in its given variable type.
    Return None if the values are equal.
    Note: If a real number is represented as a string, the floating point might be . or ,

    compare_one(1, 2.5) ➞ 2.5
    compare_one(1, ""2,3"") ➞ ""2,3""
    compare_one(""5,1"", ""6"") ➞ ""6""
    compare_one(""1"", 1) ➞ None
    """"""
    if a > b:
        return a
    elif a < b:
        return b
    else:
        return None
",True,False,runtime_error,"Traceback (most recent call last):
  File ""/tmp/tmps7ce_9j_/candidate_eval.py"", line 37, in <module>
    check(compare_one)
  File ""/tmp/tmps7ce_9j_/candidate_eval.py"", line 28, in check
    assert candidate(1, ""2,3"") == ""2,3""
           ^^^^^^^^^^^^^^^^^^^
  File ""/tmp/tmps7ce_9j_/candidate_eval.py"", line 14, in compare_one
    if a > b:
       ^^^^^
TypeError: '>' not supported between instances of 'int' and 'str'",0.0549
HumanEval/138,deepseek_enhanced,is_equal_to_sum_even,"
def is_equal_to_sum_even(n):
    """"""Evaluate whether the given number n can be written as the sum of exactly 4 positive even numbers
    Example
    is_equal_to_sum_even(4) == False
    is_equal_to_sum_even(6) == False
    is_equal_to_sum_even(8) == True
    """"""
","    return False


def is_equal_to_sum_odd(n):
    """"""Evaluate whether the given number n can be written as the sum of exactly 4 positive odd numbers
    Example
    is_equal_to_sum_odd(4) == False
    is_equal_to_sum_odd(6) == True
    is_equal_to_sum_odd(8) == False
    """"""
    # Complete the function implementation. Return the required value.
    return False


def is_equal_to_sum_even_","
def is_equal_to_sum_even(n):
    """"""Evaluate whether the given number n can be written as the sum of exactly 4 positive even numbers
    Example
    is_equal_to_sum_even(4) == False
    is_equal_to_sum_even(6) == False
    is_equal_to_sum_even(8) == True
    """"""
    return False
",True,False,assertion_failed,"Traceback (most recent call last):
  File ""/tmp/tmp3hhyg59t/candidate_eval.py"", line 21, in <module>
    check(is_equal_to_sum_even)
  File ""/tmp/tmp3hhyg59t/candidate_eval.py"", line 14, in check
    assert candidate(8) == True
           ^^^^^^^^^^^^^^^^^^^^
AssertionError",0.0548
HumanEval/139,deepseek_enhanced,special_factorial,"
def special_factorial(n):
    """"""The Brazilian factorial is defined as:
    brazilian_factorial(n) = n! * (n-1)! * (n-2)! * ... * 1!
    where n > 0

    For example:
    >>> special_factorial(4)
    288

    The function will receive an integer as input and should return the special
    factorial of this integer.
    """"""
","    if n == 0:
        return 1
    else:
        return n * special_factorial(n-1)


def main():
    """"""
    This function is used to test the special_factorial function.
    """"""
    print(special_factorial(4))


if __name__ == ""__main__"":
    main()","
def special_factorial(n):
    """"""The Brazilian factorial is defined as:
    brazilian_factorial(n) = n! * (n-1)! * (n-2)! * ... * 1!
    where n > 0

    For example:
    >>> special_factorial(4)
    288

    The function will receive an integer as input and should return the special
    factorial of this integer.
    """"""
    if n == 0:
        return 1
    else:
        return n * special_factorial(n-1)
",True,False,assertion_failed,"Traceback (most recent call last):
  File ""/tmp/tmp2hufp4dq/candidate_eval.py"", line 30, in <module>
    check(special_factorial)
  File ""/tmp/tmp2hufp4dq/candidate_eval.py"", line 22, in check
    assert candidate(4) == 288, ""Test 4""
           ^^^^^^^^^^^^^^^^^^^
AssertionError: Test 4",0.0554
HumanEval/140,deepseek_enhanced,fix_spaces,"
def fix_spaces(text):
    """"""
    Given a string text, replace all spaces in it with underscores, 
    and if a string has more than 2 consecutive spaces, 
    then replace all consecutive spaces with - 
    
    fix_spaces(""Example"") == ""Example""
    fix_spaces(""Example 1"") == ""Example_1""
    fix_spaces("" Example 2"") == ""_Example_2""
    fix_spaces("" Example   3"") == ""_Example-3""
    """"""
","    return text.replace(""  "", ""-"").replace(""  "", ""-"")


# Test cases
print(fix_spaces(""Example""))
print(fix_spaces(""Example 1""))
print(fix_spaces("" Example 2""))
print(fix_spaces("" Example   3""))","
def fix_spaces(text):
    """"""
    Given a string text, replace all spaces in it with underscores, 
    and if a string has more than 2 consecutive spaces, 
    then replace all consecutive spaces with - 
    
    fix_spaces(""Example"") == ""Example""
    fix_spaces(""Example 1"") == ""Example_1""
    fix_spaces("" Example 2"") == ""_Example_2""
    fix_spaces("" Example   3"") == ""_Example-3""
    """"""
    return text.replace(""  "", ""-"").replace(""  "", ""-"")


    # Test cases
    print(fix_spaces(""Example""))
    print(fix_spaces(""Example 1""))
    print(fix_spaces("" Example 2""))
    print(fix_spaces("" Example   3""))
",True,False,assertion_failed,"Traceback (most recent call last):
  File ""/tmp/tmpy44ikpf1/candidate_eval.py"", line 34, in <module>
    check(fix_spaces)
  File ""/tmp/tmpy44ikpf1/candidate_eval.py"", line 26, in check
    assert candidate(""Mudasir Hanif "") == ""Mudasir_Hanif_"", ""This prints if this assert fails 2 (good for debugging!)""
           ^^^^^^^^^^^^^^^^^^^^^^^^^^^^^^^^^^^^^^^^^^^^^^^
AssertionError: This prints if this assert fails 2 (good for debugging!)",0.054
HumanEval/141,deepseek_enhanced,file_name_check,"
def file_name_check(file_name):
    """"""Create a function which takes a string representing a file's name, and returns
    'Yes' if the the file's name is valid, and returns 'No' otherwise.
    A file's name is considered to be valid if and only if all the following conditions 
    are met:
    - There should not be more than three digits ('0'-'9') in the file's name.
    - The file's name contains exactly one dot '.'
    - The substring before the dot should not be empty, and it starts with a letter from 
    the latin alphapet ('a'-'z' and 'A'-'Z').
    - The substring after the dot should be one of these: ['txt', 'exe', 'dll']
    Examples:
    file_name_check(""example.txt"") # => 'Yes'
    file_name_check(""1example.dll"") # => 'No' (the name should start with a latin alphapet letter)
    """"""
","    if len(file_name) > 3:
        return 'No'
    elif file_name[0].isdigit():
        return 'No'
    elif file_name[0] == '.':
        return 'No'
    elif file_name[1].isdigit():
        return 'No'
    elif file_name[1] == '.':
        return 'No'
    elif file_name[2].isdigit():
        return 'No'
    elif file_name[2] == '.':
        return 'No'","
def file_name_check(file_name):
    """"""Create a function which takes a string representing a file's name, and returns
    'Yes' if the the file's name is valid, and returns 'No' otherwise.
    A file's name is considered to be valid if and only if all the following conditions 
    are met:
    - There should not be more than three digits ('0'-'9') in the file's name.
    - The file's name contains exactly one dot '.'
    - The substring before the dot should not be empty, and it starts with a letter from 
    the latin alphapet ('a'-'z' and 'A'-'Z').
    - The substring after the dot should be one of these: ['txt', 'exe', 'dll']
    Examples:
    file_name_check(""example.txt"") # => 'Yes'
    file_name_check(""1example.dll"") # => 'No' (the name should start with a latin alphapet letter)
    """"""
    if len(file_name) > 3:
        return 'No'
    elif file_name[0].isdigit():
        return 'No'
    elif file_name[0] == '.':
        return 'No'
    elif file_name[1].isdigit():
        return 'No'
    elif file_name[1] == '.':
        return 'No'
    elif file_name[2].isdigit():
        return 'No'
    elif file_name[2] == '.':
        return 'No'
",True,False,assertion_failed,"Traceback (most recent call last):
  File ""/tmp/tmpb4dwulb1/candidate_eval.py"", line 66, in <module>
    check(file_name_check)
  File ""/tmp/tmpb4dwulb1/candidate_eval.py"", line 34, in check
    assert candidate(""example.txt"") == 'Yes'
           ^^^^^^^^^^^^^^^^^^^^^^^^^^^^^^^^^
AssertionError",0.0538
HumanEval/142,deepseek_enhanced,sum_squares,"


def sum_squares(lst):
    """"""""
    This function will take a list of integers. For all entries in the list, the function shall square the integer entry if its index is a 
    multiple of 3 and will cube the integer entry if its index is a multiple of 4 and not a multiple of 3. The function will not 
    change the entries in the list whose indexes are not a multiple of 3 or 4. The function shall then return the sum of all entries. 
    
    Examples:
    For lst = [1,2,3] the output should be 6
    For lst = []  the output should be 0
    For lst = [-1,-5,2,-1,-5]  the output should be -126
    """"""
","    return sum(lst)


def sum_squares(lst):
    """"""""
    This function will take a list of integers. For all entries in the list, the function shall square the integer entry if its index is a 
    multiple of 3 and will cube the integer entry if its index is a multiple of 4 and not a multiple of 3. The function will not 
    change the entries in the list whose indexes are not a multiple of 3 or 4. The function shall then return the sum of all entries. 
    
    Examples:","


def sum_squares(lst):
    """"""""
    This function will take a list of integers. For all entries in the list, the function shall square the integer entry if its index is a 
    multiple of 3 and will cube the integer entry if its index is a multiple of 4 and not a multiple of 3. The function will not 
    change the entries in the list whose indexes are not a multiple of 3 or 4. The function shall then return the sum of all entries. 
    
    Examples:
    For lst = [1,2,3] the output should be 6
    For lst = []  the output should be 0
    For lst = [-1,-5,2,-1,-5]  the output should be -126
    """"""
    return sum(lst)
",True,False,assertion_failed,"Traceback (most recent call last):
  File ""/tmp/tmp23q_d9hq/candidate_eval.py"", line 36, in <module>
    check(sum_squares)
  File ""/tmp/tmp23q_d9hq/candidate_eval.py"", line 25, in check
    assert candidate([-1,-1,-1,-1,-1,-1,-1,-1,-1]) == -3
           ^^^^^^^^^^^^^^^^^^^^^^^^^^^^^^^^^^^^^^^^^^^^^
AssertionError",0.0542
HumanEval/143,deepseek_enhanced,words_in_sentence,"
def words_in_sentence(sentence):
    """"""
    You are given a string representing a sentence,
    the sentence contains some words separated by a space,
    and you have to return a string that contains the words from the original sentence,
    whose lengths are prime numbers,
    the order of the words in the new string should be the same as the original one.

    Example 1:
        Input: sentence = ""This is a test""
        Output: ""is""

    Example 2:
        Input: sentence = ""lets go for swimming""
        Output: ""go for""

    Constraints:
        * 1 <= len(sentence) <= 100
        * sentence contains only letters
    """"""
","    pass


def main():
    """"""
    This is the main function that is called when the script is run.
    """"""
    # Read the input sentence from the user.
    sentence = input(""Enter a sentence: "")

    # Call the function to get the words in the sentence.
    words = words_in_sentence(sentence)

    # Print the words in the sentence.
    print(words)


if __name__ == ""__main__"":
    main()","
def words_in_sentence(sentence):
    """"""
    You are given a string representing a sentence,
    the sentence contains some words separated by a space,
    and you have to return a string that contains the words from the original sentence,
    whose lengths are prime numbers,
    the order of the words in the new string should be the same as the original one.

    Example 1:
        Input: sentence = ""This is a test""
        Output: ""is""

    Example 2:
        Input: sentence = ""lets go for swimming""
        Output: ""go for""

    Constraints:
        * 1 <= len(sentence) <= 100
        * sentence contains only letters
    """"""
    pass
",True,False,assertion_failed,"Traceback (most recent call last):
  File ""/tmp/tmpg046rr4y/candidate_eval.py"", line 38, in <module>
    check(words_in_sentence)
  File ""/tmp/tmpg046rr4y/candidate_eval.py"", line 27, in check
    assert candidate(""This is a test"") == ""is""
           ^^^^^^^^^^^^^^^^^^^^^^^^^^^^^^^^^^^
AssertionError",0.0565
HumanEval/144,deepseek_enhanced,simplify,"
def simplify(x, n):
    """"""Your task is to implement a function that will simplify the expression
    x * n. The function returns True if x * n evaluates to a whole number and False
    otherwise. Both x and n, are string representation of a fraction, and have the following format,
    <numerator>/<denominator> where both numerator and denominator are positive whole numbers.

    You can assume that x, and n are valid fractions, and do not have zero as denominator.

    simplify(""1/5"", ""5/1"") = True
    simplify(""1/6"", ""2/1"") = False
    simplify(""7/10"", ""10/2"") = False
    """"""
","    return True


def simplify_test():
    """"""Test function for simplify function.""""""
    assert simplify(""1/5"", ""5/1"") == True
    assert simplify(""1/6"", ""2/1"") == False
    assert simplify(""7/10"", ""10/2"") == False


def simplify_test_fail():
    """"""Test function for simplify function.""""""
    assert simplify(""1/5"", ""5/1"") == True
    assert simplify(""1/6"", ""2/1"") == False
    assert simplify(""7/","
def simplify(x, n):
    """"""Your task is to implement a function that will simplify the expression
    x * n. The function returns True if x * n evaluates to a whole number and False
    otherwise. Both x and n, are string representation of a fraction, and have the following format,
    <numerator>/<denominator> where both numerator and denominator are positive whole numbers.

    You can assume that x, and n are valid fractions, and do not have zero as denominator.

    simplify(""1/5"", ""5/1"") = True
    simplify(""1/6"", ""2/1"") = False
    simplify(""7/10"", ""10/2"") = False
    """"""
    return True
",True,False,assertion_failed,"Traceback (most recent call last):
  File ""/tmp/tmpnxlsuxfp/candidate_eval.py"", line 37, in <module>
    check(simplify)
  File ""/tmp/tmpnxlsuxfp/candidate_eval.py"", line 20, in check
    assert candidate(""1/6"", ""2/1"") == False, 'test2'
           ^^^^^^^^^^^^^^^^^^^^^^^^^^^^^^^^
AssertionError: test2",0.0566
HumanEval/145,deepseek_enhanced,order_by_points,"
def order_by_points(nums):
    """"""
    Write a function which sorts the given list of integers
    in ascending order according to the sum of their digits.
    Note: if there are several items with similar sum of their digits,
    order them based on their index in original list.

    For example:
    >>> order_by_points([1, 11, -1, -11, -12]) == [-1, -11, 1, -12, 11]
    >>> order_by_points([]) == []
    """"""
","    pass


def order_by_points(nums):
    """"""
    Write a function which sorts the given list of integers
    in ascending order according to the sum of their digits.
    Note: if there are several items with similar sum of their digits,
    order them based on their index in original list.

    For example:
    >>> order_by_points([1, 11, -1, -11, -12]) == [-1, -11, 1, -12, 11]
    >>>","
def order_by_points(nums):
    """"""
    Write a function which sorts the given list of integers
    in ascending order according to the sum of their digits.
    Note: if there are several items with similar sum of their digits,
    order them based on their index in original list.

    For example:
    >>> order_by_points([1, 11, -1, -11, -12]) == [-1, -11, 1, -12, 11]
    >>> order_by_points([]) == []
    """"""
    pass
",True,False,assertion_failed,"Traceback (most recent call last):
  File ""/tmp/tmp1oli2aji/candidate_eval.py"", line 29, in <module>
    check(order_by_points)
  File ""/tmp/tmp1oli2aji/candidate_eval.py"", line 18, in check
    assert candidate([1, 11, -1, -11, -12]) == [-1, -11, 1, -12, 11]
           ^^^^^^^^^^^^^^^^^^^^^^^^^^^^^^^^^^^^^^^^^^^^^^^^^^^^^^^^^
AssertionError",0.0559
HumanEval/146,deepseek_enhanced,specialFilter,"
def specialFilter(nums):
    """"""Write a function that takes an array of numbers as input and returns 
    the number of elements in the array that are greater than 10 and both 
    first and last digits of a number are odd (1, 3, 5, 7, 9).
    For example:
    specialFilter([15, -73, 14, -15]) => 1 
    specialFilter([33, -2, -3, 45, 21, 109]) => 2
    """"""
","    return 0


def main():
    # Test cases for the specialFilter function.
    print(specialFilter([15, -73, 14, -15]))
    print(specialFilter([33, -2, -3, 45, 21, 109]))


if __name__ == ""__main__"":
    main()","
def specialFilter(nums):
    """"""Write a function that takes an array of numbers as input and returns 
    the number of elements in the array that are greater than 10 and both 
    first and last digits of a number are odd (1, 3, 5, 7, 9).
    For example:
    specialFilter([15, -73, 14, -15]) => 1 
    specialFilter([33, -2, -3, 45, 21, 109]) => 2
    """"""
    return 0
",True,False,assertion_failed,"Traceback (most recent call last):
  File ""/tmp/tmp756nlt4t/candidate_eval.py"", line 27, in <module>
    check(specialFilter)
  File ""/tmp/tmp756nlt4t/candidate_eval.py"", line 16, in check
    assert candidate([15, -73, 14, -15]) == 1
           ^^^^^^^^^^^^^^^^^^^^^^^^^^^^^^^^^^
AssertionError",0.0754
HumanEval/147,deepseek_enhanced,get_max_triples,"
def get_max_triples(n):
    """"""
    You are given a positive integer n. You have to create an integer array a of length n.
        For each i (1 ≤ i ≤ n), the value of a[i] = i * i - i + 1.
        Return the number of triples (a[i], a[j], a[k]) of a where i < j < k, 
    and a[i] + a[j] + a[k] is a multiple of 3.

    Example :
        Input: n = 5
        Output: 1
        Explanation: 
        a = [1, 3, 7, 13, 21]
        The only valid triple is (1, 7, 13).
    """"""
","    return 0


if __name__ == ""__main__"":
    n = int(input())
    print(get_max_triples(n))","
def get_max_triples(n):
    """"""
    You are given a positive integer n. You have to create an integer array a of length n.
        For each i (1 ≤ i ≤ n), the value of a[i] = i * i - i + 1.
        Return the number of triples (a[i], a[j], a[k]) of a where i < j < k, 
    and a[i] + a[j] + a[k] is a multiple of 3.

    Example :
        Input: n = 5
        Output: 1
        Explanation: 
        a = [1, 3, 7, 13, 21]
        The only valid triple is (1, 7, 13).
    """"""
    return 0
",True,False,assertion_failed,"Traceback (most recent call last):
  File ""/tmp/tmp_dkrmue5/candidate_eval.py"", line 25, in <module>
    check(get_max_triples)
  File ""/tmp/tmp_dkrmue5/candidate_eval.py"", line 20, in check
    assert candidate(5) == 1
           ^^^^^^^^^^^^^^^^^
AssertionError",0.0534
HumanEval/148,deepseek_enhanced,bf,"
def bf(planet1, planet2):
    '''
    There are eight planets in our solar system: the closerst to the Sun 
    is Mercury, the next one is Venus, then Earth, Mars, Jupiter, Saturn, 
    Uranus, Neptune.
    Write a function that takes two planet names as strings planet1 and planet2. 
    The function should return a tuple containing all planets whose orbits are 
    located between the orbit of planet1 and the orbit of planet2, sorted by 
    the proximity to the sun. 
    The function should return an empty tuple if planet1 or planet2
    are not correct planet names. 
    Examples
    bf(""Jupiter"", ""Neptune"") ==> (""Saturn"", ""Uranus"")
    bf(""Earth"", ""Mercury"") ==> (""Venus"")
    bf(""Mercury"", ""Uranus"") ==> (""Venus"", ""Earth"", ""Mars"", ""Jupiter"", ""Saturn"")
    '''
","    return ()

# Test Cases
print(bf(""Jupiter"", ""Neptune"") == (""Saturn"", ""Uranus""))
print(bf(""Earth"", ""Mercury"") == (""Venus""))
print(bf(""Mercury"", ""Uranus"") == (""Venus"", ""Earth"", ""Mars"", ""Jupiter"", ""Saturn""))
print(bf(""Mercury"", ""Venus"") == ())
print(bf(""Venus"", ""Earth"") == ())
print(bf(""Earth"", ""Earth","
def bf(planet1, planet2):
    '''
    There are eight planets in our solar system: the closerst to the Sun 
    is Mercury, the next one is Venus, then Earth, Mars, Jupiter, Saturn, 
    Uranus, Neptune.
    Write a function that takes two planet names as strings planet1 and planet2. 
    The function should return a tuple containing all planets whose orbits are 
    located between the orbit of planet1 and the orbit of planet2, sorted by 
    the proximity to the sun. 
    The function should return an empty tuple if planet1 or planet2
    are not correct planet names. 
    Examples
    bf(""Jupiter"", ""Neptune"") ==> (""Saturn"", ""Uranus"")
    bf(""Earth"", ""Mercury"") ==> (""Venus"")
    bf(""Mercury"", ""Uranus"") ==> (""Venus"", ""Earth"", ""Mars"", ""Jupiter"", ""Saturn"")
    '''
    return ()

    # Test Cases
    print(bf(""Jupiter"", ""Neptune"") == (""Saturn"", ""Uranus""))
    print(bf(""Earth"", ""Mercury"") == (""Venus""))
    print(bf(""Mercury"", ""Uranus"") == (""Venus"", ""Earth"", ""Mars"", ""Jupiter"", ""Saturn""))
    print(bf(""Mercury"", ""Venus"") == ())
    print(bf(""Venus"", ""Earth"") == ())
    print(bf(""Earth"", ""Earth
",False,False,syntax_error,"SyntaxError: unterminated string literal (detected at line 26) (<unknown>, line 26)",0.0004
HumanEval/149,deepseek_enhanced,sorted_list_sum,"
def sorted_list_sum(lst):
    """"""Write a function that accepts a list of strings as a parameter,
    deletes the strings that have odd lengths from it,
    and returns the resulted list with a sorted order,
    The list is always a list of strings and never an array of numbers,
    and it may contain duplicates.
    The order of the list should be ascending by length of each word, and you
    should return the list sorted by that rule.
    If two words have the same length, sort the list alphabetically.
    The function should return a list of strings in sorted order.
    You may assume that all words will have the same length.
    For example:
    assert list_sort([""aa"", ""a"", ""aaa""]) => [""aa""]
    assert list_sort([""ab"", ""a"", ""aaa"", ""cd""]) => [""ab"", ""cd""]
    """"""
","    return sorted(lst, key=len)


def list_sort(lst):
    """"""Write a function that accepts a list of strings as a parameter,
    deletes the strings that have odd lengths from it,
    and returns the resulted list with a sorted order,
    The list is always a list of strings and never an array of numbers,
    and it may contain duplicates.
    The order of the list should be ascending by length of each word, and you
    should return the list sorted by that rule.
    If two words have the same length","
def sorted_list_sum(lst):
    """"""Write a function that accepts a list of strings as a parameter,
    deletes the strings that have odd lengths from it,
    and returns the resulted list with a sorted order,
    The list is always a list of strings and never an array of numbers,
    and it may contain duplicates.
    The order of the list should be ascending by length of each word, and you
    should return the list sorted by that rule.
    If two words have the same length, sort the list alphabetically.
    The function should return a list of strings in sorted order.
    You may assume that all words will have the same length.
    For example:
    assert list_sort([""aa"", ""a"", ""aaa""]) => [""aa""]
    assert list_sort([""ab"", ""a"", ""aaa"", ""cd""]) => [""ab"", ""cd""]
    """"""
    return sorted(lst, key=len)
",True,False,assertion_failed,"Traceback (most recent call last):
  File ""/tmp/tmpquzbgyim/candidate_eval.py"", line 33, in <module>
    check(sorted_list_sum)
  File ""/tmp/tmpquzbgyim/candidate_eval.py"", line 22, in check
    assert candidate([""aa"", ""a"", ""aaa""]) == [""aa""]
           ^^^^^^^^^^^^^^^^^^^^^^^^^^^^^^^^^^^^^^^
AssertionError",0.0551
HumanEval/150,deepseek_enhanced,x_or_y,"
def x_or_y(n, x, y):
    """"""A simple program which should return the value of x if n is 
    a prime number and should return the value of y otherwise.

    Examples:
    for x_or_y(7, 34, 12) == 34
    for x_or_y(15, 8, 5) == 5
    
    """"""
","    if n % 2 == 0:
        return x
    else:
        return y


# Test cases
print(x_or_y(7, 34, 12))
print(x_or_y(15, 8, 5))","
def x_or_y(n, x, y):
    """"""A simple program which should return the value of x if n is 
    a prime number and should return the value of y otherwise.

    Examples:
    for x_or_y(7, 34, 12) == 34
    for x_or_y(15, 8, 5) == 5
    
    """"""
    if n % 2 == 0:
        return x
    else:
        return y


    # Test cases
    print(x_or_y(7, 34, 12))
    print(x_or_y(15, 8, 5))
",True,False,assertion_failed,"Traceback (most recent call last):
  File ""/tmp/tmpr3b3k4lx/candidate_eval.py"", line 39, in <module>
    check(x_or_y)
  File ""/tmp/tmpr3b3k4lx/candidate_eval.py"", line 24, in check
    assert candidate(7, 34, 12) == 34
           ^^^^^^^^^^^^^^^^^^^^^^^^^^
AssertionError",0.0556
HumanEval/151,deepseek_enhanced,double_the_difference,"
def double_the_difference(lst):
    '''
    Given a list of numbers, return the sum of squares of the numbers
    in the list that are odd. Ignore numbers that are negative or not integers.
    
    double_the_difference([1, 3, 2, 0]) == 1 + 9 + 0 + 0 = 10
    double_the_difference([-1, -2, 0]) == 0
    double_the_difference([9, -2]) == 81
    double_the_difference([0]) == 0  
   
    If the input list is empty, return 0.
    '''
","    return 0


# Test cases
print(double_the_difference([1, 3, 2, 0]))
print(double_the_difference([-1, -2, 0]))
print(double_the_difference([9, -2]))
print(double_the_difference([0]))
print(double_the_difference([]))","
def double_the_difference(lst):
    '''
    Given a list of numbers, return the sum of squares of the numbers
    in the list that are odd. Ignore numbers that are negative or not integers.
    
    double_the_difference([1, 3, 2, 0]) == 1 + 9 + 0 + 0 = 10
    double_the_difference([-1, -2, 0]) == 0
    double_the_difference([9, -2]) == 81
    double_the_difference([0]) == 0  
   
    If the input list is empty, return 0.
    '''
    return 0


    # Test cases
    print(double_the_difference([1, 3, 2, 0]))
    print(double_the_difference([-1, -2, 0]))
    print(double_the_difference([9, -2]))
    print(double_the_difference([0]))
    print(double_the_difference([]))
",True,False,assertion_failed,"Traceback (most recent call last):
  File ""/tmp/tmpr2ilrsbf/candidate_eval.py"", line 41, in <module>
    check(double_the_difference)
  File ""/tmp/tmpr2ilrsbf/candidate_eval.py"", line 28, in check
    assert candidate([5, 4]) == 25 , ""This prints if this assert fails 2 (good for debugging!)""
           ^^^^^^^^^^^^^^^^^^^^^^^
AssertionError: This prints if this assert fails 2 (good for debugging!)",0.063
HumanEval/152,deepseek_enhanced,compare,"
def compare(game,guess):
    """"""I think we all remember that feeling when the result of some long-awaited
    event is finally known. The feelings and thoughts you have at that moment are
    definitely worth noting down and comparing.
    Your task is to determine if a person correctly guessed the results of a number of matches.
    You are given two arrays of scores and guesses of equal length, where each index shows a match. 
    Return an array of the same length denoting how far off each guess was. If they have guessed correctly,
    the value is 0, and if not, the value is the absolute difference between the guess and the score.
    
    
    example:

    compare([1,2,3,4,5,1],[1,2,3,4,2,-2]) -> [0,0,0,0,3,3]
    compare([0,5,0,0,0,4],[4,1,1,0,0,-2]) -> [4,4,1,0,0,6]
    """"""
","    return [abs(guess[i]-game[i]) for i in range(len(game))]







































































































","
def compare(game,guess):
    """"""I think we all remember that feeling when the result of some long-awaited
    event is finally known. The feelings and thoughts you have at that moment are
    definitely worth noting down and comparing.
    Your task is to determine if a person correctly guessed the results of a number of matches.
    You are given two arrays of scores and guesses of equal length, where each index shows a match. 
    Return an array of the same length denoting how far off each guess was. If they have guessed correctly,
    the value is 0, and if not, the value is the absolute difference between the guess and the score.
    
    
    example:

    compare([1,2,3,4,5,1],[1,2,3,4,2,-2]) -> [0,0,0,0,3,3]
    compare([0,5,0,0,0,4],[4,1,1,0,0,-2]) -> [4,4,1,0,0,6]
    """"""
    return [abs(guess[i]-game[i]) for i in range(len(game))]
",True,True,none,,0.0541
HumanEval/153,deepseek_enhanced,Strongest_Extension,"
def Strongest_Extension(class_name, extensions):
    """"""You will be given the name of a class (a string) and a list of extensions.
    The extensions are to be used to load additional classes to the class. The
    strength of the extension is as follows: Let CAP be the number of the uppercase
    letters in the extension's name, and let SM be the number of lowercase letters 
    in the extension's name, the strength is given by the fraction CAP - SM. 
    You should find the strongest extension and return a string in this 
    format: ClassName.StrongestExtensionName.
    If there are two or more extensions with the same strength, you should
    choose the one that comes first in the list.
    For example, if you are given ""Slices"" as the class and a list of the
    extensions: ['SErviNGSliCes', 'Cheese', 'StuFfed'] then you should
    return 'Slices.SErviNGSliCes' since 'SErviNGSliCes' is the strongest extension 
    (its strength is -1).
    Example:
    for Strongest_Extension('my_class', ['AA', 'Be', 'CC']) == 'my_class.AA'
    """"""
","    pass


def main():
    """"""
    This is the main function that will be called when you run the script.
    """"""
    # Call the Strongest_Extension function with the required parameters.
    # The function will return the required value.
    # The value returned will be printed to the console.
    print(Strongest_Extension('my_class', ['AA', 'Be', 'CC']))


if __name__ == '__main__':
    main()","
def Strongest_Extension(class_name, extensions):
    """"""You will be given the name of a class (a string) and a list of extensions.
    The extensions are to be used to load additional classes to the class. The
    strength of the extension is as follows: Let CAP be the number of the uppercase
    letters in the extension's name, and let SM be the number of lowercase letters 
    in the extension's name, the strength is given by the fraction CAP - SM. 
    You should find the strongest extension and return a string in this 
    format: ClassName.StrongestExtensionName.
    If there are two or more extensions with the same strength, you should
    choose the one that comes first in the list.
    For example, if you are given ""Slices"" as the class and a list of the
    extensions: ['SErviNGSliCes', 'Cheese', 'StuFfed'] then you should
    return 'Slices.SErviNGSliCes' since 'SErviNGSliCes' is the strongest extension 
    (its strength is -1).
    Example:
    for Strongest_Extension('my_class', ['AA', 'Be', 'CC']) == 'my_class.AA'
    """"""
    pass
",True,False,assertion_failed,"Traceback (most recent call last):
  File ""/tmp/tmp4710ebbb/candidate_eval.py"", line 37, in <module>
    check(Strongest_Extension)
  File ""/tmp/tmp4710ebbb/candidate_eval.py"", line 24, in check
    assert candidate('Watashi', ['tEN', 'niNE', 'eIGHt8OKe']) == 'Watashi.eIGHt8OKe'
           ^^^^^^^^^^^^^^^^^^^^^^^^^^^^^^^^^^^^^^^^^^^^^^^^^^^^^^^^^^^^^^^^^^^^^^^^^
AssertionError",0.054
HumanEval/154,deepseek_enhanced,cycpattern_check,"
def cycpattern_check(a , b):
    """"""You are given 2 words. You need to return True if the second word or any of its rotations is a substring in the first word
    cycpattern_check(""abcd"",""abd"") => False
    cycpattern_check(""hello"",""ell"") => True
    cycpattern_check(""whassup"",""psus"") => False
    cycpattern_check(""abab"",""baa"") => True
    cycpattern_check(""efef"",""eeff"") => False
    cycpattern_check(""himenss"",""simen"") => True

    """"""
","    # Write your code here
    # Write your code here
    # Write your code here
    # Write your code here
    # Write your code here
    # Write your code here
    # Write your code here
    # Write your code here
    # Write your code here
    # Write your code here
    # Write your code here
    # Write your code here
    # Write your code here
    # Write your code here
    # Write your code here
    # Write your code here
    # Write your code here
    # Write your code here
    #","
def cycpattern_check(a , b):
    """"""You are given 2 words. You need to return True if the second word or any of its rotations is a substring in the first word
    cycpattern_check(""abcd"",""abd"") => False
    cycpattern_check(""hello"",""ell"") => True
    cycpattern_check(""whassup"",""psus"") => False
    cycpattern_check(""abab"",""baa"") => True
    cycpattern_check(""efef"",""eeff"") => False
    cycpattern_check(""himenss"",""simen"") => True

    """"""
    # Write your code here
    # Write your code here
    # Write your code here
    # Write your code here
    # Write your code here
    # Write your code here
    # Write your code here
    # Write your code here
    # Write your code here
    # Write your code here
    # Write your code here
    # Write your code here
    # Write your code here
    # Write your code here
    # Write your code here
    # Write your code here
    # Write your code here
    # Write your code here
    #
",True,False,assertion_failed,"Traceback (most recent call last):
  File ""/tmp/tmpb87a6b49/candidate_eval.py"", line 47, in <module>
    check(cycpattern_check)
  File ""/tmp/tmpb87a6b49/candidate_eval.py"", line 39, in check
    assert  candidate(""xyzw"",""xyw"") == False , ""test #0""
            ^^^^^^^^^^^^^^^^^^^^^^^^^^^^^^^^
AssertionError: test #0",0.0539
HumanEval/155,deepseek_enhanced,even_odd_count,"
def even_odd_count(num):
    """"""Given an integer. return a tuple that has the number of even and odd digits respectively.

     Example:
        even_odd_count(-12) ==> (1, 1)
        even_odd_count(123) ==> (1, 2)
    """"""
","    even = 0
    odd = 0
    if num < 0:
        num = -num
    while num > 0:
        if num % 10 % 2 == 0:
            even += 1
        else:
            odd += 1
        num = num // 10
    return (even, odd)


# Test Cases
print(even_odd_count(-12))
print(even_odd_count(123))
print(even_odd_count(123456789))
print(","
def even_odd_count(num):
    """"""Given an integer. return a tuple that has the number of even and odd digits respectively.

     Example:
        even_odd_count(-12) ==> (1, 1)
        even_odd_count(123) ==> (1, 2)
    """"""
    even = 0
    odd = 0
    if num < 0:
        num = -num
    while num > 0:
        if num % 10 % 2 == 0:
            even += 1
        else:
            odd += 1
        num = num // 10
    return (even, odd)


    # Test Cases
    print(even_odd_count(-12))
    print(even_odd_count(123))
    print(even_odd_count(123456789))
    print(
",False,False,syntax_error,"SyntaxError: '(' was never closed (<unknown>, line 26)",0.0003
HumanEval/156,deepseek_enhanced,int_to_mini_roman,"
def int_to_mini_roman(number):
    """"""
    Given a positive integer, obtain its roman numeral equivalent as a string,
    and return it in lowercase.
    Restrictions: 1 <= num <= 1000

    Examples:
    >>> int_to_mini_roman(19) == 'xix'
    >>> int_to_mini_roman(152) == 'clii'
    >>> int_to_mini_roman(426) == 'cdxxvi'
    """"""
","    pass


def mini_roman_to_int(roman_num):
    """"""
    Given a roman numeral, obtain its integer equivalent as a number,
    and return it.
    Restrictions: 1 <= num <= 1000

    Examples:
    >>> mini_roman_to_int('xix') == 19
    >>> mini_roman_to_int('clii') == 152
    >>> mini_roman_to_int('cdxxvi') == 426
    """"""
    #","
def int_to_mini_roman(number):
    """"""
    Given a positive integer, obtain its roman numeral equivalent as a string,
    and return it in lowercase.
    Restrictions: 1 <= num <= 1000

    Examples:
    >>> int_to_mini_roman(19) == 'xix'
    >>> int_to_mini_roman(152) == 'clii'
    >>> int_to_mini_roman(426) == 'cdxxvi'
    """"""
    pass
",True,False,assertion_failed,"Traceback (most recent call last):
  File ""/tmp/tmp1z7lt8k_/candidate_eval.py"", line 37, in <module>
    check(int_to_mini_roman)
  File ""/tmp/tmp1z7lt8k_/candidate_eval.py"", line 18, in check
    assert candidate(19) == 'xix'
           ^^^^^^^^^^^^^^^^^^^^^^
AssertionError",0.0631
HumanEval/157,deepseek_enhanced,right_angle_triangle,"
def right_angle_triangle(a, b, c):
    '''
    Given the lengths of the three sides of a triangle. Return True if the three
    sides form a right-angled triangle, False otherwise.
    A right-angled triangle is a triangle in which one angle is right angle or 
    90 degree.
    Example:
    right_angle_triangle(3, 4, 5) == True
    right_angle_triangle(1, 2, 3) == False
    '''
","    return False


def right_angle_triangle(a, b, c):
    '''
    Given the lengths of the three sides of a triangle. Return True if the three
    sides form a right-angled triangle, False otherwise.
    A right-angled triangle is a triangle in which one angle is right angle or 
    90 degree.
    Example:
    right_angle_triangle(3, 4, 5) == True
    right_angle_triangle(1, 2, 3) == False
    '''
    # Complete the function implementation","
def right_angle_triangle(a, b, c):
    '''
    Given the lengths of the three sides of a triangle. Return True if the three
    sides form a right-angled triangle, False otherwise.
    A right-angled triangle is a triangle in which one angle is right angle or 
    90 degree.
    Example:
    right_angle_triangle(3, 4, 5) == True
    right_angle_triangle(1, 2, 3) == False
    '''
    return False
",True,False,assertion_failed,"Traceback (most recent call last):
  File ""/tmp/tmpmysi6y_j/candidate_eval.py"", line 32, in <module>
    check(right_angle_triangle)
  File ""/tmp/tmpmysi6y_j/candidate_eval.py"", line 17, in check
    assert candidate(3, 4, 5) == True, ""This prints if this assert fails 1 (good for debugging!)""
           ^^^^^^^^^^^^^^^^^^^^^^^^^^
AssertionError: This prints if this assert fails 1 (good for debugging!)",0.0847
HumanEval/158,deepseek_enhanced,find_max,"
def find_max(words):
    """"""Write a function that accepts a list of strings.
    The list contains different words. Return the word with maximum number
    of unique characters. If multiple strings have maximum number of unique
    characters, return the one which comes first in lexicographical order.

    find_max([""name"", ""of"", ""string""]) == ""string""
    find_max([""name"", ""enam"", ""game""]) == ""enam""
    find_max([""aaaaaaa"", ""bb"" ,""cc""]) == """"aaaaaaa""
    """"""
","    pass


def find_max_length(words):
    """"""Write a function that accepts a list of strings.
    The list contains different words. Return the word with maximum number
    of characters. If multiple strings have maximum number of characters,
    return the one which comes first in lexicographical order.

    find_max_length([""name"", ""of"", ""string""]) == ""string""
    find_max_length([""name"", ""enam"", ""game""]) == ""enam""
    find_max_length([""aaaaaaa","
def find_max(words):
    """"""Write a function that accepts a list of strings.
    The list contains different words. Return the word with maximum number
    of unique characters. If multiple strings have maximum number of unique
    characters, return the one which comes first in lexicographical order.

    find_max([""name"", ""of"", ""string""]) == ""string""
    find_max([""name"", ""enam"", ""game""]) == ""enam""
    find_max([""aaaaaaa"", ""bb"" ,""cc""]) == """"aaaaaaa""
    """"""
    pass
",True,False,assertion_failed,"Traceback (most recent call last):
  File ""/tmp/tmpjn4piw7w/candidate_eval.py"", line 31, in <module>
    check(find_max)
  File ""/tmp/tmpjn4piw7w/candidate_eval.py"", line 17, in check
    assert (candidate([""name"", ""of"", ""string""]) == ""string""), ""t1""
            ^^^^^^^^^^^^^^^^^^^^^^^^^^^^^^^^^^^^^^^^^^^^^^^
AssertionError: t1",0.0564
HumanEval/159,deepseek_enhanced,eat,"
def eat(number, need, remaining):
    """"""
    You're a hungry rabbit, and you already have eaten a certain number of carrots,
    but now you need to eat more carrots to complete the day's meals.
    you should return an array of [ total number of eaten carrots after your meals,
                                    the number of carrots left after your meals ]
    if there are not enough remaining carrots, you will eat all remaining carrots, but will still be hungry.
    
    Example:
    * eat(5, 6, 10) -> [11, 4]
    * eat(4, 8, 9) -> [12, 1]
    * eat(1, 10, 10) -> [11, 0]
    * eat(2, 11, 5) -> [7, 0]
    
    Variables:
    @number : integer
        the number of carrots that you have eaten.
    @need : integer
        the number of carrots that you need to eat.
    @remaining : integer
        the number of remaining carrots thet exist in stock
    
    Constrain:
    * 0 <= number <= 1000
    * 0 <= need <= 1000
    * 0 <= remaining <= 1000

    Have fun :)
    """"""
","    return [0, 0]


# Test cases
print(eat(5, 6, 10))
print(eat(4, 8, 9))
print(eat(1, 10, 10))
print(eat(2, 11, 5))","
def eat(number, need, remaining):
    """"""
    You're a hungry rabbit, and you already have eaten a certain number of carrots,
    but now you need to eat more carrots to complete the day's meals.
    you should return an array of [ total number of eaten carrots after your meals,
                                    the number of carrots left after your meals ]
    if there are not enough remaining carrots, you will eat all remaining carrots, but will still be hungry.
    
    Example:
    * eat(5, 6, 10) -> [11, 4]
    * eat(4, 8, 9) -> [12, 1]
    * eat(1, 10, 10) -> [11, 0]
    * eat(2, 11, 5) -> [7, 0]
    
    Variables:
    @number : integer
        the number of carrots that you have eaten.
    @need : integer
        the number of carrots that you need to eat.
    @remaining : integer
        the number of remaining carrots thet exist in stock
    
    Constrain:
    * 0 <= number <= 1000
    * 0 <= need <= 1000
    * 0 <= remaining <= 1000

    Have fun :)
    """"""
    return [0, 0]


    # Test cases
    print(eat(5, 6, 10))
    print(eat(4, 8, 9))
    print(eat(1, 10, 10))
    print(eat(2, 11, 5))
",True,False,assertion_failed,"Traceback (most recent call last):
  File ""/tmp/tmp1t4uqbye/candidate_eval.py"", line 55, in <module>
    check(eat)
  File ""/tmp/tmp1t4uqbye/candidate_eval.py"", line 44, in check
    assert candidate(5, 6, 10) == [11, 4], ""Error""
           ^^^^^^^^^^^^^^^^^^^^^^^^^^^^^^
AssertionError: Error",0.056
HumanEval/160,deepseek_enhanced,do_algebra,"
def do_algebra(operator, operand):
    """"""
    Given two lists operator, and operand. The first list has basic algebra operations, and 
    the second list is a list of integers. Use the two given lists to build the algebric 
    expression and return the evaluation of this expression.

    The basic algebra operations:
    Addition ( + ) 
    Subtraction ( - ) 
    Multiplication ( * ) 
    Floor division ( // ) 
    Exponentiation ( ** ) 

    Example:
    operator['+', '*', '-']
    array = [2, 3, 4, 5]
    result = 2 + 3 * 4 - 5
    => result = 9

    Note:
        The length of operator list is equal to the length of operand list minus one.
        Operand is a list of of non-negative integers.
        Operator list has at least one operator, and operand list has at least two operands.

    """"""
","    pass


def do_algebra_with_list(operator, operand):
    """"""
    Given two lists operator, and operand. The first list has basic algebra operations, and 
    the second list is a list of integers. Use the two given lists to build the algebric 
    expression and return the evaluation of this expression.

    The basic algebra operations:
    Addition ( + ) 
    Subtraction ( - ) 
    Multiplication ( * ) 
    Floor division ( // ) 
    Exponentiation ( ** )","
def do_algebra(operator, operand):
    """"""
    Given two lists operator, and operand. The first list has basic algebra operations, and 
    the second list is a list of integers. Use the two given lists to build the algebric 
    expression and return the evaluation of this expression.

    The basic algebra operations:
    Addition ( + ) 
    Subtraction ( - ) 
    Multiplication ( * ) 
    Floor division ( // ) 
    Exponentiation ( ** ) 

    Example:
    operator['+', '*', '-']
    array = [2, 3, 4, 5]
    result = 2 + 3 * 4 - 5
    => result = 9

    Note:
        The length of operator list is equal to the length of operand list minus one.
        Operand is a list of of non-negative integers.
        Operator list has at least one operator, and operand list has at least two operands.

    """"""
    pass
",True,False,assertion_failed,"Traceback (most recent call last):
  File ""/tmp/tmptvh9xi44/candidate_eval.py"", line 40, in <module>
    check(do_algebra)
  File ""/tmp/tmptvh9xi44/candidate_eval.py"", line 32, in check
    assert candidate(['**', '*', '+'], [2, 3, 4, 5]) == 37
           ^^^^^^^^^^^^^^^^^^^^^^^^^^^^^^^^^^^^^^^^^^^^^^^
AssertionError",0.0568
HumanEval/161,deepseek_enhanced,solve,"
def solve(s):
    """"""You are given a string s.
    if s[i] is a letter, reverse its case from lower to upper or vise versa, 
    otherwise keep it as it is.
    If the string contains no letters, reverse the string.
    The function should return the resulted string.
    Examples
    solve(""1234"") = ""4321""
    solve(""ab"") = ""AB""
    solve(""#a@C"") = ""#A@c""
    """"""
","    return s


if __name__ == ""__main__"":
    s = input()
    print(solve(s))","
def solve(s):
    """"""You are given a string s.
    if s[i] is a letter, reverse its case from lower to upper or vise versa, 
    otherwise keep it as it is.
    If the string contains no letters, reverse the string.
    The function should return the resulted string.
    Examples
    solve(""1234"") = ""4321""
    solve(""ab"") = ""AB""
    solve(""#a@C"") = ""#A@c""
    """"""
    return s
",True,False,assertion_failed,"Traceback (most recent call last):
  File ""/tmp/tmpwrxn5nk2/candidate_eval.py"", line 31, in <module>
    check(solve)
  File ""/tmp/tmpwrxn5nk2/candidate_eval.py"", line 18, in check
    assert candidate(""AsDf"") == ""aSdF""
           ^^^^^^^^^^^^^^^^^^^^^^^^^^^
AssertionError",0.0773
HumanEval/162,deepseek_enhanced,string_to_md5,"
def string_to_md5(text):
    """"""
    Given a string 'text', return its md5 hash equivalent string.
    If 'text' is an empty string, return None.

    >>> string_to_md5('Hello world') == '3e25960a79dbc69b674cd4ec67a72c62'
    """"""
","    if text == '':
        return None
    else:
        return hashlib.md5(text.encode()).hexdigest()


def string_to_sha1(text):
    """"""
    Given a string 'text', return its sha1 hash equivalent string.
    If 'text' is an empty string, return None.

    >>> string_to_sha1('Hello world') == '2aae6c35c94fcfb415dbe95f408b9ce91ee846ed'","
def string_to_md5(text):
    """"""
    Given a string 'text', return its md5 hash equivalent string.
    If 'text' is an empty string, return None.

    >>> string_to_md5('Hello world') == '3e25960a79dbc69b674cd4ec67a72c62'
    """"""
    if text == '':
        return None
    else:
        return hashlib.md5(text.encode()).hexdigest()
",True,False,runtime_error,"Traceback (most recent call last):
  File ""/tmp/tmpazj4fxxj/candidate_eval.py"", line 26, in <module>
    check(string_to_md5)
  File ""/tmp/tmpazj4fxxj/candidate_eval.py"", line 17, in check
    assert candidate('Hello world') == '3e25960a79dbc69b674cd4ec67a72c62'
           ^^^^^^^^^^^^^^^^^^^^^^^^
  File ""/tmp/tmpazj4fxxj/candidate_eval.py"", line 12, in string_to_md5
    return hashlib.md5(text.encode()).hexdigest()
           ^^^^^^^
NameError: name 'hashlib' is not defined. Did you forget to import 'hashlib'?",0.0558
HumanEval/163,deepseek_enhanced,generate_integers,"
def generate_integers(a, b):
    """"""
    Given two positive integers a and b, return the even digits between a
    and b, in ascending order.

    For example:
    generate_integers(2, 8) => [2, 4, 6, 8]
    generate_integers(8, 2) => [2, 4, 6, 8]
    generate_integers(10, 14) => []
    """"""
","    return []


def generate_integers_test():
    """"""
    Test function for generate_integers.
    """"""
    assert generate_integers(2, 8) == [2, 4, 6, 8]
    assert generate_integers(8, 2) == [2, 4, 6, 8]
    assert generate_integers(10, 14) == []


def generate_integers_test_2():
    """"""
    Test function for generate_integers.
    """"""","
def generate_integers(a, b):
    """"""
    Given two positive integers a and b, return the even digits between a
    and b, in ascending order.

    For example:
    generate_integers(2, 8) => [2, 4, 6, 8]
    generate_integers(8, 2) => [2, 4, 6, 8]
    generate_integers(10, 14) => []
    """"""
    return []
",True,False,assertion_failed,"Traceback (most recent call last):
  File ""/tmp/tmpb5hhrobh/candidate_eval.py"", line 26, in <module>
    check(generate_integers)
  File ""/tmp/tmpb5hhrobh/candidate_eval.py"", line 17, in check
    assert candidate(2, 10) == [2, 4, 6, 8], ""Test 1""
           ^^^^^^^^^^^^^^^^^^^^^^^^^^^^^^^^
AssertionError: Test 1",0.0563
